date,close
2011-09-26,4486.5498046875
2011-09-27,4511.75
2011-09-28,4544.60009765625
2011-09-29,4539.7001953125
2011-09-30,4520.9501953125
2011-10-03,4499.7001953125
2011-10-04,4449.89990234375
2011-10-05,4494.25
2011-10-07,4518.39990234375
2011-10-10,4503.7001953125
2011-10-11,4529.2998046875
2011-10-12,4567.2001953125
2011-10-13,4519.4501953125
2011-10-14,4537.89990234375
2011-10-17,4529.39990234375
2011-10-18,4504.39990234375
2011-10-19,4575.14990234375
2011-10-20,4573.7998046875
2011-10-21,4568.10009765625
2011-10-24,4588.9501953125
2011-10-25,4655.75
2011-10-28,4772.4501953125
2011-10-31,4735.60009765625
2011-11-01,4699.0498046875
2011-11-02,4733.0
2011-11-03,4723.7998046875
2011-11-04,4748.9501953125
2011-11-08,4699.4501953125
2011-11-09,4631.35009765625
2011-11-11,4661.2001953125
2011-11-14,4697.64990234375
2011-11-15,4679.4501953125
2011-11-16,4646.2998046875
2011-11-17,4579.0
2011-11-18,4601.75
2011-11-21,4549.14990234375
2011-11-22,4585.85009765625
2011-11-23,4545.5498046875
2011-11-24,4613.10009765625
2011-11-25,4594.75
2011-11-28,4665.0
2011-11-29,4690.75
2011-11-30,4710.85009765625
2011-12-01,4685.75
2011-12-02,4744.60009765625
2011-12-05,4715.89990234375
2011-12-07,4639.39990234375
2011-12-08,4633.75
2011-12-09,4606.25
2011-12-12,4571.5498046875
2011-12-13,4595.9501953125
2011-12-14,4579.7001953125
2011-12-15,4602.4501953125
2011-12-16,4588.5498046875
2011-12-19,4553.9501953125
2011-12-20,4512.9501953125
2011-12-21,4559.0
2011-12-22,4581.39990234375
2011-12-23,4561.2001953125
2011-12-26,4552.75
2011-12-27,4540.25
2011-12-28,4551.14990234375
2011-12-29,4549.5498046875
2011-12-30,4576.25
2012-01-02,4567.60009765625
2012-01-03,4634.5
2012-01-04,4655.75
2012-01-05,4648.5498046875
2012-01-06,4658.60009765625
2012-01-09,4699.39990234375
2012-01-10,4747.2998046875
2012-01-11,4756.75
2012-01-12,4755.0498046875
2012-01-13,4752.0498046875
2012-01-16,4708.14990234375
2012-01-17,4745.2001953125
2012-01-18,4742.35009765625
2012-01-19,4813.5498046875
2012-01-20,4790.9501953125
2012-01-23,4782.25
2012-01-24,4791.60009765625
2012-01-25,4806.75
2012-01-27,4824.14990234375
2012-01-30,4823.5498046875
2012-01-31,4890.35009765625
2012-02-01,4888.2001953125
2012-02-02,4832.0
2012-02-03,4906.35009765625
2012-02-06,4904.5498046875
2012-02-07,4902.14990234375
2012-02-08,4892.85009765625
2012-02-09,4882.14990234375
2012-02-10,4837.9501953125
2012-02-13,4847.2001953125
2012-02-14,4795.9501953125
2012-02-15,4835.4501953125
2012-02-16,4832.75
2012-02-17,4833.9501953125
2012-02-21,4841.89990234375
2012-02-22,4804.0498046875
2012-02-23,4794.7001953125
2012-02-24,4781.10009765625
2012-02-27,4771.2998046875
2012-02-28,4815.35009765625
2012-02-29,4811.7001953125
2012-03-01,4827.25
2012-03-02,4873.4501953125
2012-03-05,4835.75
2012-03-06,4823.0
2012-03-07,4846.39990234375
2012-03-09,4889.35009765625
2012-03-12,4872.64990234375
2012-03-13,4902.35009765625
2012-03-14,4911.39990234375
2012-03-15,4893.7001953125
2012-03-16,4805.10009765625
2012-03-19,4810.35009765625
2012-03-20,4865.7998046875
2012-03-21,4909.4501953125
2012-03-22,4845.5
2012-03-23,4878.7001953125
2012-03-26,4836.5
2012-03-27,4883.64990234375
2012-03-28,4898.25
2012-03-29,4923.64990234375
2012-03-30,5036.60009765625
2012-04-02,5028.2001953125
2012-04-03,5002.4501953125
2012-04-04,4991.85009765625
2012-04-09,5024.5
2012-04-10,5020.4501953125
2012-04-11,5053.4501953125
2012-04-12,5047.85009765625
2012-04-13,5116.85009765625
2012-04-16,5115.7998046875
2012-04-17,5127.25
2012-04-18,5166.35009765625
2012-04-19,5216.35009765625
2012-04-20,5195.2998046875
2012-04-23,5177.7001953125
2012-04-24,5149.0498046875
2012-04-25,5160.85009765625
2012-04-26,5130.89990234375
2012-04-27,5137.60009765625
2012-04-30,5155.39990234375
2012-05-02,5163.4501953125
2012-05-03,5151.89990234375
2012-05-04,5184.5
2012-05-07,5161.25
2012-05-08,5112.0
2012-05-09,5113.75
2012-05-10,5090.0
2012-05-11,4970.64990234375
2012-05-14,5047.25
2012-05-15,5087.5498046875
2012-05-16,5048.75
2012-05-17,5033.60009765625
2012-05-18,5022.0498046875
2012-05-21,5052.7001953125
2012-05-22,5017.2001953125
2012-05-23,5016.89990234375
2012-05-24,5049.25
2012-05-25,5041.2001953125
2012-05-28,5064.25
2012-05-29,5051.89990234375
2012-05-30,5047.5498046875
2012-05-31,5047.64990234375
2012-06-01,4978.2001953125
2012-06-04,4942.75
2012-06-05,4954.25
2012-06-06,5007.2998046875
2012-06-07,5017.14990234375
2012-06-08,5024.14990234375
2012-06-11,4947.85009765625
2012-06-12,4936.4501953125
2012-06-13,4960.35009765625
2012-06-14,4937.5
2012-06-15,4985.9501953125
2012-06-18,4947.0
2012-06-19,5004.4501953125
2012-06-20,5065.7998046875
2012-06-21,5081.14990234375
2012-06-22,5075.2998046875
2012-06-25,5049.9501953125
2012-06-26,5095.9501953125
2012-06-27,5113.5498046875
2012-06-28,5111.5498046875
2012-06-29,5216.0
2012-07-02,5233.75
2012-07-03,5237.14990234375
2012-07-04,5235.5498046875
2012-07-05,5253.39990234375
2012-07-06,5259.60009765625
2012-07-09,5219.25
2012-07-10,5271.25
2012-07-11,5255.64990234375
2012-07-12,5251.10009765625
2012-07-13,5247.4501953125
2012-07-16,5312.5
2012-07-17,5345.2001953125
2012-07-18,5312.5498046875
2012-07-19,5318.85009765625
2012-07-20,5264.60009765625
2012-07-23,5257.5
2012-07-24,5276.85009765625
2012-07-25,5289.25
2012-07-26,5273.85009765625
2012-07-27,5287.0
2012-07-30,5379.35009765625
2012-07-31,5413.7998046875
2012-08-01,5476.4501953125
2012-08-02,5468.39990234375
2012-08-03,5506.14990234375
2012-08-06,5532.4501953125
2012-08-07,5529.5498046875
2012-08-08,5530.75
2012-08-09,5524.89990234375
2012-08-10,5502.85009765625
2012-08-13,5516.14990234375
2012-08-14,5496.0498046875
2012-08-16,5500.7001953125
2012-08-17,5524.9501953125
2012-08-21,5528.4501953125
2012-08-22,5551.5
2012-08-23,5603.2998046875
2012-08-24,5601.2998046875
2012-08-27,5600.5
2012-08-28,5613.14990234375
2012-08-29,5618.0
2012-08-30,5650.2998046875
2012-08-31,5648.9501953125
2012-09-03,5644.5498046875
2012-09-04,5645.0
2012-09-05,5578.14990234375
2012-09-06,5606.2001953125
2012-09-07,5680.85009765625
2012-09-10,5799.25
2012-09-11,5801.89990234375
2012-09-12,5789.85009765625
2012-09-13,5708.10009765625
2012-09-14,5632.5498046875
2012-09-17,5530.39990234375
2012-09-18,5527.14990234375
2012-09-20,5514.89990234375
2012-09-21,5506.14990234375
2012-09-24,5507.0498046875
2012-09-25,5526.60009765625
2012-09-26,5541.85009765625
2012-09-27,5538.7001953125
2012-09-28,5623.0
2012-10-01,5635.39990234375
2012-10-03,5673.39990234375
2012-10-04,5617.60009765625
2012-10-05,5532.10009765625
2012-10-08,5595.5498046875
2012-10-09,5679.2001953125
2012-10-10,5637.0
2012-10-11,5598.60009765625
2012-10-12,5622.2001953125
2012-10-15,5643.75
2012-10-16,5606.2998046875
2012-10-17,5626.4501953125
2012-10-18,5613.0498046875
2012-10-19,5590.0498046875
2012-10-22,5642.5498046875
2012-10-23,5631.4501953125
2012-10-25,5603.85009765625
2012-10-29,5570.0498046875
2012-10-30,5566.4501953125
2012-10-31,5667.0498046875
2012-11-01,5713.2998046875
2012-11-02,5736.7998046875
2012-11-05,5756.5
2012-11-06,5798.64990234375
2012-11-07,5805.0
2012-11-08,5766.64990234375
2012-11-09,5751.5498046875
2012-11-12,5750.89990234375
2012-11-15,5683.85009765625
2012-11-16,5658.85009765625
2012-11-19,5624.5498046875
2012-11-20,5631.0498046875
2012-11-21,5689.2998046875
2012-11-22,5694.4501953125
2012-11-23,5680.85009765625
2012-11-26,5698.39990234375
2012-11-27,5748.0498046875
2012-11-29,5833.85009765625
2012-11-30,5869.75
2012-12-03,5854.85009765625
2012-12-04,5870.0
2012-12-05,5870.7998046875
2012-12-06,5875.5
2012-12-07,5887.14990234375
2012-12-10,5955.0498046875
2012-12-11,5973.2998046875
2012-12-12,5984.9501953125
2012-12-13,5950.2001953125
2012-12-14,5918.89990234375
2012-12-17,5945.25
2012-12-18,5985.0
2012-12-19,6084.64990234375
2012-12-20,6072.39990234375
2012-12-21,5972.14990234375
2012-12-24,6010.85009765625
2012-12-26,6061.10009765625
2012-12-27,6044.64990234375
2012-12-28,6035.5
2012-12-31,6035.0
2013-01-01,6056.60009765625
2013-01-02,6070.25
2013-01-03,6075.7998046875
2013-01-04,6080.39990234375
2013-01-07,6104.4501953125
2013-01-08,6156.5498046875
2013-01-09,6169.25
2013-01-10,6117.10009765625
2013-01-11,6056.10009765625
2013-01-14,6031.35009765625
2013-01-15,6032.2001953125
2013-01-16,6018.2001953125
2013-01-17,6001.89990234375
2013-01-18,5960.75
2013-01-21,5940.89990234375
2013-01-22,5926.25
2013-01-23,5910.7998046875
2013-01-24,5857.64990234375
2013-01-25,5949.4501953125
2013-01-28,5936.39990234375
2013-01-29,5914.9501953125
2013-01-30,5929.2998046875
2013-01-31,5935.25
2013-02-01,5989.64990234375
2013-02-04,5907.5
2013-02-05,5963.75
2013-02-06,5951.9501953125
2013-02-07,5909.64990234375
2013-02-08,5837.35009765625
2013-02-11,5886.5498046875
2013-02-12,5957.75
2013-02-13,5948.25
2013-02-14,5893.7998046875
2013-02-15,5865.35009765625
2013-02-18,5864.7001953125
2013-02-19,5938.25
2013-02-20,5924.39990234375
2013-02-21,5907.35009765625
2013-02-22,5944.14990234375
2013-02-25,5954.5498046875
2013-02-26,5833.7998046875
2013-02-27,5813.7998046875
2013-02-28,5778.2001953125
2013-03-01,5807.0
2013-03-04,5817.89990234375
2013-03-05,5885.35009765625
2013-03-06,5891.0
2013-03-07,5919.2998046875
2013-03-08,5973.5
2013-03-11,6001.64990234375
2013-03-12,5974.85009765625
2013-03-13,5985.89990234375
2013-03-14,5989.64990234375
2013-03-15,6003.85009765625
2013-03-18,6029.5498046875
2013-03-19,6020.25
2013-03-20,6026.7998046875
2013-03-21,5980.2998046875
2013-03-22,5949.75
2013-03-25,5939.75
2013-03-26,5953.75
2013-03-28,5953.0
2013-04-01,6007.2998046875
2013-04-02,6135.7998046875
2013-04-03,6148.9501953125
2013-04-04,6119.60009765625
2013-04-05,6132.0
2013-04-08,6185.35009765625
2013-04-09,6147.0
2013-04-10,6167.9501953125
2013-04-11,6231.25
2013-04-12,6242.10009765625
2013-04-15,6190.25
2013-04-16,6287.10009765625
2013-04-17,6344.0498046875
2013-04-18,6355.39990234375
2013-04-22,6364.0
2013-04-23,6403.0
2013-04-25,6556.85009765625
2013-04-26,6505.60009765625
2013-04-29,6492.9501953125
2013-04-30,6550.14990234375
2013-05-02,6574.5498046875
2013-05-03,6586.75
2013-05-06,6610.0498046875
2013-05-07,6678.64990234375
2013-05-08,6676.60009765625
2013-05-09,6560.2998046875
2013-05-10,6596.4501953125
2013-05-13,6654.0
2013-05-14,6703.39990234375
2013-05-15,6827.2998046875
2013-05-16,6912.35009765625
2013-05-17,6885.14990234375
2013-05-20,6759.25
2013-05-21,6726.2001953125
2013-05-22,6778.7998046875
2013-05-23,6725.60009765625
2013-05-24,6664.14990234375
2013-05-27,6745.10009765625
2013-05-28,6698.35009765625
2013-05-29,6856.0498046875
2013-05-30,6814.85009765625
2013-05-31,6729.25
2013-06-03,6715.25
2013-06-04,6839.10009765625
2013-06-05,6858.35009765625
2013-06-06,6774.75
2013-06-07,6782.7001953125
2013-06-10,6705.9501953125
2013-06-11,6686.2001953125
2013-06-12,6731.5
2013-06-13,6607.2998046875
2013-06-14,6656.89990234375
2013-06-17,6674.4501953125
2013-06-18,6671.25
2013-06-19,6647.5
2013-06-20,6617.10009765625
2013-06-21,6597.85009765625
2013-06-24,6552.7998046875
2013-06-25,6515.75
2013-06-26,6442.5498046875
2013-06-27,6597.7001953125
2013-06-28,6756.2998046875
2013-07-01,6838.85009765625
2013-07-02,6880.9501953125
2013-07-03,6918.85009765625
2013-07-04,6968.14990234375
2013-07-05,6983.9501953125
2013-07-08,6979.35009765625
2013-07-09,7097.4501953125
2013-07-10,7117.0498046875
2013-07-11,7174.2998046875
2013-07-12,7251.4501953125
2013-07-15,7272.10009765625
2013-07-16,7235.89990234375
2013-07-17,7234.2998046875
2013-07-18,7301.60009765625
2013-07-19,7241.2998046875
2013-07-22,7235.85009765625
2013-07-23,7240.60009765625
2013-07-24,7257.0
2013-07-25,7129.9501953125
2013-07-26,7158.35009765625
2013-07-29,7132.75
2013-07-30,7056.10009765625
2013-07-31,7107.85009765625
2013-08-01,7102.4501953125
2013-08-02,7036.10009765625
2013-08-05,6995.9501953125
2013-08-06,6927.9501953125
2013-08-07,6877.5498046875
2013-08-08,6856.10009765625
2013-08-12,6986.0
2013-08-13,7101.85009765625
2013-08-14,7085.14990234375
2013-08-16,6960.75
2013-08-19,6778.0498046875
2013-08-20,6694.75
2013-08-21,6497.2001953125
2013-08-22,6676.5
2013-08-23,6710.2001953125
2013-08-26,6785.5
2013-08-27,6649.0498046875
2013-08-28,6727.25
2013-08-29,6849.2001953125
2013-08-30,6980.5498046875
2013-09-02,7046.60009765625
2013-09-03,6871.4501953125
2013-09-04,7046.2998046875
2013-09-05,7023.5
2013-09-06,7103.7998046875
2013-09-10,7192.7001953125
2013-09-11,7266.64990234375
2013-09-12,7275.64990234375
2013-09-13,7287.89990234375
2013-09-16,7107.0
2013-09-17,7096.4501953125
2013-09-18,7152.60009765625
2013-09-19,7245.9501953125
2013-09-20,7260.7001953125
2013-09-23,7185.60009765625
2013-09-24,7205.0498046875
2013-09-25,7299.85009765625
2013-09-26,7362.85009765625
2013-09-27,7364.60009765625
2013-09-30,7361.0498046875
2013-10-01,7382.5
2013-10-03,7467.2998046875
2013-10-04,7472.4501953125
2013-10-07,7552.64990234375
2013-10-08,7565.85009765625
2013-10-09,7710.60009765625
2013-10-10,7731.5498046875
2013-10-11,7642.0498046875
2013-10-14,7612.85009765625
2013-10-15,7589.0
2013-10-17,7546.9501953125
2013-10-18,7632.2001953125
2013-10-21,7634.2998046875
2013-10-22,7648.14990234375
2013-10-23,7582.64990234375
2013-10-24,7542.89990234375
2013-10-25,7473.2001953125
2013-10-28,7397.5498046875
2013-10-29,7508.2998046875
2013-10-30,7605.75
2013-10-31,7495.9501953125
2013-11-01,7502.7998046875
2013-11-05,7413.2998046875
2013-11-06,7476.89990234375
2013-11-07,7481.75
2013-11-08,7491.5498046875
2013-11-11,7519.35009765625
2013-11-12,7523.64990234375
2013-11-13,7518.75
2013-11-14,7461.5
2013-11-18,7517.7998046875
2013-11-19,7497.10009765625
2013-11-20,7400.64990234375
2013-11-21,7283.5498046875
2013-11-22,7293.2001953125
2013-11-25,7337.2001953125
2013-11-26,7272.64990234375
2013-11-27,7245.89990234375
2013-11-28,7268.10009765625
2013-11-29,7351.7998046875
2013-12-02,7502.10009765625
2013-12-03,7478.0498046875
2013-12-04,7441.39990234375
2013-12-05,7344.14990234375
2013-12-06,7365.75
2013-12-09,7384.75
2013-12-10,7406.60009765625
2013-12-11,7386.9501953125
2013-12-12,7319.25
2013-12-13,7276.89990234375
2013-12-16,7313.75
2013-12-17,7442.5498046875
2013-12-18,7517.2998046875
2013-12-19,7597.64990234375
2013-12-20,7646.60009765625
2013-12-23,7644.0498046875
2013-12-24,7641.0498046875
2013-12-26,7601.35009765625
2013-12-27,7661.2001953125
2013-12-30,7620.9501953125
2013-12-31,7634.9501953125
2014-01-01,7667.2998046875
2014-01-02,7625.10009765625
2014-01-03,7663.10009765625
2014-01-06,7697.25
2014-01-07,7714.14990234375
2014-01-08,7806.60009765625
2014-01-09,7861.85009765625
2014-01-10,7880.35009765625
2014-01-13,7828.35009765625
2014-01-14,7884.7998046875
2014-01-15,7889.0
2014-01-16,7816.7998046875
2014-01-17,7816.10009765625
2014-01-20,7812.60009765625
2014-01-21,7772.5498046875
2014-01-22,7895.2001953125
2014-01-23,7921.4501953125
2014-01-24,7811.9501953125
2014-01-27,7742.9501953125
2014-01-28,7665.89990234375
2014-01-29,7716.2001953125
2014-01-30,7683.4501953125
2014-01-31,7701.2001953125
2014-02-03,7788.0
2014-02-04,7737.0498046875
2014-02-05,7741.0498046875
2014-02-06,7739.89990234375
2014-02-07,7872.0
2014-02-10,7932.5
2014-02-11,7895.60009765625
2014-02-12,7878.0
2014-02-13,7737.10009765625
2014-02-14,7725.7001953125
2014-02-17,7773.4501953125
2014-02-18,7797.39990234375
2014-02-19,7888.14990234375
2014-02-20,7901.39990234375
2014-02-21,7903.2998046875
2014-02-24,8004.64990234375
2014-02-25,8001.75
2014-02-26,8085.2998046875
2014-02-28,8276.5
2014-03-03,8122.9501953125
2014-03-04,8081.25
2014-03-05,8065.85009765625
2014-03-06,8046.10009765625
2014-03-07,7897.85009765625
2014-03-10,7751.7001953125
2014-03-11,7686.64990234375
2014-03-12,7786.60009765625
2014-03-13,7690.25
2014-03-14,7767.2001953125
2014-03-18,7772.0
2014-03-19,7807.85009765625
2014-03-20,7820.9501953125
2014-03-21,7787.10009765625
2014-03-24,7788.9501953125
2014-03-25,7789.85009765625
2014-03-26,7628.60009765625
2014-03-27,7556.85009765625
2014-03-28,7632.2998046875
2014-03-31,7630.39990234375
2014-04-01,7661.5
2014-04-02,7761.2001953125
2014-04-03,7840.60009765625
2014-04-04,7843.25
2014-04-07,7825.4501953125
2014-04-09,8029.25
2014-04-10,7877.5498046875
2014-04-11,7964.7998046875
2014-04-15,7900.7998046875
2014-04-16,7877.14990234375
2014-04-17,7941.60009765625
2014-04-21,7920.25
2014-04-22,7941.75
2014-04-23,7974.35009765625
2014-04-25,7989.2998046875
2014-04-28,8122.25
2014-04-29,8106.5
2014-04-30,8100.0
2014-05-02,8157.0498046875
2014-05-05,8078.5
2014-05-06,8087.4501953125
2014-05-07,8070.4501953125
2014-05-08,8047.9501953125
2014-05-09,8009.0
2014-05-12,7937.7001953125
2014-05-13,7870.35009765625
2014-05-14,7836.5
2014-05-15,7817.0
2014-05-16,7699.4501953125
2014-05-19,7411.60009765625
2014-05-20,7515.60009765625
2014-05-21,7466.7001953125
2014-05-22,7470.4501953125
2014-05-23,7489.2998046875
2014-05-26,7447.60009765625
2014-05-27,7453.60009765625
2014-05-28,7466.5
2014-05-29,7484.4501953125
2014-05-30,7712.89990234375
2014-06-02,7615.2001953125
2014-06-03,7579.0498046875
2014-06-04,7554.85009765625
2014-06-05,7563.35009765625
2014-06-06,7672.7001953125
2014-06-09,7706.89990234375
2014-06-10,7834.2998046875
2014-06-11,7903.0498046875
2014-06-12,8002.64990234375
2014-06-13,7986.35009765625
2014-06-16,8023.4501953125
2014-06-17,8037.10009765625
2014-06-18,8046.60009765625
2014-06-19,8119.0
2014-06-20,8043.7001953125
2014-06-23,8082.14990234375
2014-06-24,8058.7998046875
2014-06-25,8104.75
2014-06-26,8135.89990234375
2014-06-27,8361.0
2014-06-30,8535.7001953125
2014-07-01,8496.849609375
2014-07-02,8656.650390625
2014-07-03,8749.599609375
2014-07-04,8796.4501953125
2014-07-07,8883.2998046875
2014-07-08,8799.25
2014-07-09,8717.150390625
2014-07-10,8714.849609375
2014-07-11,8819.0498046875
2014-07-14,8770.5
2014-07-15,8725.849609375
2014-07-16,8786.75
2014-07-17,8821.849609375
2014-07-18,8829.400390625
2014-07-21,8831.900390625
2014-07-22,8920.2998046875
2014-07-23,8925.650390625
2014-07-24,8917.400390625
2014-07-25,9168.150390625
2014-07-28,9204.150390625
2014-07-30,9339.5498046875
2014-07-31,9342.900390625
2014-08-01,9179.7001953125
2014-08-04,9160.25
2014-08-05,9217.7001953125
2014-08-06,9129.349609375
2014-08-07,9115.4501953125
2014-08-08,9130.599609375
2014-08-11,9113.5
2014-08-12,9236.2998046875
2014-08-13,9324.0498046875
2014-08-14,9433.599609375
2014-08-18,9564.5498046875
2014-08-19,9616.099609375
2014-08-20,9909.650390625
2014-08-21,9934.150390625
2014-08-22,9956.099609375
2014-08-25,10000.0
2014-08-26,10115.25
2014-08-27,10104.349609375
2014-08-28,10082.2998046875
2014-09-01,10099.0498046875
2014-09-02,10306.599609375
2014-09-03,10333.099609375
2014-09-04,10381.0498046875
2014-09-05,10384.4501953125
2014-09-08,10485.0
2014-09-09,10503.349609375
2014-09-10,10482.2998046875
2014-09-11,10283.5498046875
2014-09-12,10353.099609375
2014-09-15,10428.099609375
2014-09-16,10319.849609375
2014-09-17,10343.400390625
2014-09-18,10535.5498046875
2014-09-19,10587.25
2014-09-22,10484.9501953125
2014-09-23,10266.4501953125
2014-09-24,10367.099609375
2014-09-25,10382.900390625
2014-09-26,10501.650390625
2014-09-29,10710.5
2014-09-30,10847.150390625
2014-10-01,10796.7001953125
2014-10-07,10564.9501953125
2014-10-08,10202.349609375
2014-10-09,10325.0
2014-10-10,10330.099609375
2014-10-13,10186.150390625
2014-10-14,10206.2998046875
2014-10-16,10095.150390625
2014-10-17,10178.400390625
2014-10-20,10313.2998046875
2014-10-21,10284.599609375
2014-10-22,10452.4501953125
2014-10-27,10533.849609375
2014-10-28,10676.2998046875
2014-10-29,10652.0498046875
2014-10-30,10668.349609375
2014-10-31,10874.75
2014-11-03,10877.7001953125
2014-11-05,11021.599609375
2014-11-07,11289.7001953125
2014-11-10,11366.150390625
2014-11-11,11387.9501953125
2014-11-12,11301.099609375
2014-11-13,11354.2001953125
2014-11-14,11195.2998046875
2014-11-17,11187.7001953125
2014-11-18,11109.7998046875
2014-11-19,11101.25
2014-11-20,11216.400390625
2014-11-21,11189.5498046875
2014-11-24,11138.099609375
2014-11-25,11179.599609375
2014-11-26,11154.4501953125
2014-11-27,11225.400390625
2014-11-28,11254.75
2014-12-01,11253.5498046875
2014-12-02,11325.5
2014-12-03,11324.349609375
2014-12-04,11309.349609375
2014-12-05,11146.2001953125
2014-12-08,11112.5498046875
2014-12-09,11084.400390625
2014-12-10,11114.5498046875
2014-12-11,11130.650390625
2014-12-12,11155.9501953125
2014-12-15,11097.5498046875
2014-12-16,10784.75
2014-12-17,10573.400390625
2014-12-18,10701.7001953125
2014-12-19,10731.599609375
2014-12-22,10826.150390625
2014-12-23,10839.0498046875
2014-12-24,10705.7998046875
2014-12-26,10738.0498046875
2014-12-29,10826.650390625
2014-12-30,10865.349609375
2014-12-31,10949.7998046875
2015-01-01,10923.25
2015-01-02,10955.599609375
2015-01-05,10920.599609375
2015-01-06,10637.7998046875
2015-01-07,10604.9501953125
2015-01-08,10737.599609375
2015-01-09,10934.5498046875
2015-01-12,10976.2001953125
2015-01-13,10984.2998046875
2015-01-14,10881.5498046875
2015-01-15,10936.2998046875
2015-01-16,11101.150390625
2015-01-19,11249.2998046875
2015-01-20,11290.650390625
2015-01-21,11320.849609375
2015-01-22,11509.5
2015-01-23,11581.099609375
2015-01-27,11583.25
2015-01-28,11577.75
2015-01-29,11752.0498046875
2015-01-30,11693.5498046875
2015-02-02,11627.650390625
2015-02-03,11520.0
2015-02-04,11625.7001953125
2015-02-05,11522.099609375
2015-02-06,11322.9501953125
2015-02-09,11289.400390625
2015-02-10,11283.5
2015-02-11,11391.7001953125
2015-02-12,11598.25
2015-02-13,11789.900390625
2015-02-16,11680.25
2015-02-18,11741.25
2015-02-19,11734.5
2015-02-20,11746.5
2015-02-23,11640.7998046875
2015-02-24,11663.849609375
2015-02-25,11533.5
2015-02-26,11412.2998046875
2015-02-27,11554.7998046875
2015-03-02,12024.0498046875
2015-03-03,12166.2001953125
2015-03-04,12326.7998046875
2015-03-05,12632.5
2015-03-09,12676.900390625
2015-03-10,12631.9501953125
2015-03-11,12515.75
2015-03-12,12663.7001953125
2015-03-13,12487.0498046875
2015-03-16,12480.7001953125
2015-03-17,12716.7998046875
2015-03-18,12732.400390625
2015-03-19,12799.7998046875
2015-03-20,12622.25
2015-03-23,12622.9501953125
2015-03-24,12853.4501953125
2015-03-25,12919.4501953125
2015-03-26,12676.849609375
2015-03-27,12588.5498046875
2015-03-30,12703.7998046875
2015-03-31,12844.7998046875
2015-04-01,13136.2001953125
2015-04-06,13807.099609375
2015-04-07,13778.25
2015-04-08,13831.150390625
2015-04-09,13545.900390625
2015-04-10,13505.900390625
2015-04-13,13722.849609375
2015-04-15,13480.9501953125
2015-04-16,13248.650390625
2015-04-17,12809.150390625
2015-04-20,12753.849609375
2015-04-21,12284.0
2015-04-22,12431.349609375
2015-04-23,12293.0498046875
2015-04-24,12210.0
2015-04-27,11908.2001953125
2015-04-28,11984.599609375
2015-04-29,12042.900390625
2015-04-30,12057.7998046875
2015-05-04,12333.599609375
2015-05-05,12391.7001953125
2015-05-06,12037.650390625
2015-05-07,11873.5498046875
2015-05-08,12104.7001953125
2015-05-11,12317.5
2015-05-12,12250.7001953125
2015-05-13,12261.400390625
2015-05-14,12238.7998046875
2015-05-15,12294.650390625
2015-05-18,12486.0
2015-05-19,12502.349609375
2015-05-20,12537.0498046875
2015-05-21,12554.75
2015-05-22,12690.099609375
2015-05-25,12617.5498046875
2015-05-26,12559.0498046875
2015-05-27,12506.0498046875
2015-05-28,12311.900390625
2015-05-29,12511.75
2015-06-01,12079.7998046875
2015-06-02,11902.849609375
2015-06-03,11746.599609375
2015-06-04,11633.150390625
2015-06-05,11715.849609375
2015-06-08,11585.099609375
2015-06-09,11379.900390625
2015-06-10,11477.400390625
2015-06-11,11308.150390625
2015-06-12,11328.4501953125
2015-06-15,11451.099609375
2015-06-16,11473.7001953125
2015-06-17,11678.9501953125
2015-06-18,11836.150390625
2015-06-19,11810.0
2015-06-22,11879.349609375
2015-06-23,11910.25
2015-06-24,11997.5498046875
2015-06-25,12007.25
2015-06-26,12066.849609375
2015-06-29,11926.400390625
2015-06-30,12202.5498046875
2015-07-01,12257.099609375
2015-07-02,12193.7998046875
2015-07-03,12264.849609375
2015-07-06,12463.900390625
2015-07-07,12490.5
2015-07-08,12390.5
2015-07-09,12399.349609375
2015-07-10,12537.25
2015-07-13,12697.7998046875
2015-07-14,12786.599609375
2015-07-15,12912.349609375
2015-07-16,13060.349609375
2015-07-17,13139.0
2015-07-20,13175.650390625
2015-07-21,12255.2998046875
2015-07-22,12377.7001953125
2015-07-23,12275.400390625
2015-07-24,12226.0498046875
2015-07-27,12056.900390625
2015-07-28,11917.150390625
2015-07-29,11978.400390625
2015-07-30,12073.099609375
2015-07-31,12353.25
2015-08-03,12379.5
2015-08-04,12361.9501953125
2015-08-05,12572.5498046875
2015-08-06,12697.5
2015-08-07,12641.0498046875
2015-08-10,12638.599609375
2015-08-11,12636.900390625
2015-08-12,12771.75
2015-08-13,12913.7001953125
2015-08-14,13137.25
2015-08-17,13089.5498046875
2015-08-18,12980.099609375
2015-08-19,13335.849609375
2015-08-20,13463.75
2015-08-21,13470.0
2015-08-24,12653.2998046875
2015-08-25,12772.400390625
2015-08-26,12623.0498046875
2015-08-27,12995.75
2015-08-28,12940.75
2015-08-31,13213.2001953125
2015-09-01,13007.0498046875
2015-09-02,12840.349609375
2015-09-03,12817.400390625
2015-09-04,12521.5498046875
2015-09-07,12240.0
2015-09-08,12329.5
2015-09-09,12360.0498046875
2015-09-10,12315.0
2015-09-11,12341.849609375
2015-09-14,12495.2001953125
2015-09-15,12478.7998046875
2015-09-16,12623.7998046875
2015-09-18,12751.2001953125
2015-09-21,12706.2998046875
2015-09-22,12662.7998046875
2015-09-23,12731.5498046875
2015-09-24,12826.4501953125
2015-09-28,12844.2001953125
2015-09-29,12700.099609375
2015-09-30,12918.75
2015-10-01,13140.849609375
2015-10-05,13149.0
2015-10-06,13275.75
2015-10-07,13332.400390625
2015-10-08,13212.849609375
2015-10-09,13277.7001953125
2015-10-12,13111.650390625
2015-10-13,13115.400390625
2015-10-14,13160.650390625
2015-10-15,13168.599609375
2015-10-16,13203.5498046875
2015-10-19,13413.650390625
2015-10-20,13340.9501953125
2015-10-21,13189.7998046875
2015-10-23,13258.5
2015-10-26,13234.650390625
2015-10-27,13223.0
2015-10-28,13149.150390625
2015-10-29,13052.0
2015-10-30,13170.150390625
2015-11-02,13029.7001953125
2015-11-03,13054.5498046875
2015-11-04,12923.900390625
2015-11-05,12632.5
2015-11-06,12226.650390625
2015-11-09,11989.0498046875
2015-11-10,11618.2998046875
2015-11-13,11640.5498046875
2015-11-16,11711.0
2015-11-17,11801.2001953125
2015-11-18,11717.7998046875
2015-11-19,11674.9501953125
2015-11-20,11685.349609375
2015-11-23,11717.150390625
2015-11-24,11637.849609375
2015-11-26,11553.2998046875
2015-11-27,11567.5498046875
2015-11-30,11492.900390625
2015-12-01,11608.7001953125
2015-12-02,11723.349609375
2015-12-03,11587.2998046875
2015-12-04,11645.0498046875
2015-12-07,11762.599609375
2015-12-08,11610.349609375
2015-12-09,11372.0498046875
2015-12-10,11368.150390625
2015-12-11,11383.5
2015-12-14,11488.0
2015-12-15,11554.7998046875
2015-12-16,11637.650390625
2015-12-17,11771.7998046875
2015-12-18,11663.7998046875
2015-12-21,11556.9501953125
2015-12-22,11595.900390625
2015-12-23,11805.849609375
2015-12-24,11795.75
2015-12-28,12009.0
2015-12-29,12022.349609375
2015-12-30,11987.25
2015-12-31,11963.5
2016-01-01,11979.849609375
2016-01-04,11733.7001953125
2016-01-05,11741.5
2016-01-06,11673.7998046875
2016-01-07,11451.650390625
2016-01-08,11486.599609375
2016-01-11,11301.0
2016-01-12,11341.599609375
2016-01-13,11321.400390625
2016-01-14,11369.400390625
2016-01-15,11259.75
2016-01-18,11095.9501953125
2016-01-19,11225.2001953125
2016-01-20,11133.650390625
2016-01-21,10876.599609375
2016-01-22,11141.2998046875
2016-01-25,11239.400390625
2016-01-27,11348.7998046875
2016-01-28,11440.7001953125
2016-01-29,11755.849609375
2016-02-01,11742.75
2016-02-02,11425.75
2016-02-03,11343.900390625
2016-02-04,11215.5
2016-02-05,11652.400390625
2016-02-08,11498.7998046875
2016-02-09,11557.0
2016-02-10,11352.75
2016-02-11,11100.099609375
2016-02-12,11081.0498046875
2016-02-15,11191.7001953125
2016-02-16,10936.349609375
2016-02-17,11148.099609375
2016-02-18,11371.349609375
2016-02-19,11341.650390625
2016-02-22,11487.7001953125
2016-02-23,11351.2998046875
2016-02-24,11130.2001953125
2016-02-25,11177.099609375
2016-02-26,11164.25
2016-02-29,11167.7001953125
2016-03-01,11294.400390625
2016-03-02,11278.4501953125
2016-03-03,11502.2998046875
2016-03-04,11537.650390625
2016-03-08,11570.349609375
2016-03-09,11601.0
2016-03-10,11623.0
2016-03-11,11695.599609375
2016-03-14,11719.2001953125
2016-03-15,11325.599609375
2016-03-16,11381.75
2016-03-17,11227.400390625
2016-03-18,11092.25
2016-03-21,11235.7001953125
2016-03-22,11217.5
2016-03-23,11198.2998046875
2016-03-28,10960.0498046875
2016-03-29,10665.25
2016-03-30,10910.2001953125
2016-03-31,10989.150390625
2016-04-01,10928.2998046875
2016-04-04,10978.0
2016-04-05,10876.900390625
2016-04-06,10905.5498046875
2016-04-07,10984.349609375
2016-04-08,11012.5
2016-04-11,11024.75
2016-04-12,11132.650390625
2016-04-13,11225.75
2016-04-18,11317.900390625
2016-04-20,11267.5
2016-04-21,11320.650390625
2016-04-22,11286.75
2016-04-25,11185.25
2016-04-26,11295.599609375
2016-04-27,11270.5498046875
2016-04-28,11179.400390625
2016-04-29,11293.25
2016-05-02,11271.900390625
2016-05-03,11148.150390625
2016-05-04,11182.0
2016-05-05,11233.400390625
2016-05-06,11121.400390625
2016-05-09,11183.25
2016-05-10,11266.849609375
2016-05-11,11186.400390625
2016-05-12,11264.599609375
2016-05-13,11157.650390625
2016-05-16,11205.400390625
2016-05-17,11251.650390625
2016-05-18,11271.2998046875
2016-05-19,11246.0
2016-05-20,11070.650390625
2016-05-23,10958.5
2016-05-24,10851.150390625
2016-05-25,10908.5498046875
2016-05-26,10882.2001953125
2016-05-27,11206.7998046875
2016-05-30,11175.0
2016-05-31,10995.4501953125
2016-06-01,10957.2001953125
2016-06-02,10902.099609375
2016-06-03,10808.2001953125
2016-06-06,10678.849609375
2016-06-07,10739.349609375
2016-06-08,10716.5498046875
2016-06-09,10665.400390625
2016-06-10,10657.599609375
2016-06-13,10706.599609375
2016-06-14,10781.400390625
2016-06-15,10790.2998046875
2016-06-16,10762.2001953125
2016-06-17,10653.4501953125
2016-06-20,10685.849609375
2016-06-21,10627.349609375
2016-06-22,10696.5
2016-06-23,10793.099609375
2016-06-24,10747.7998046875
2016-06-27,10964.0498046875
2016-06-28,11035.349609375
2016-06-29,11084.7001953125
2016-06-30,11142.0
2016-07-01,11250.900390625
2016-07-04,11319.849609375
2016-07-05,11361.599609375
2016-07-07,11527.0498046875
2016-07-08,11569.7001953125
2016-07-11,11745.7001953125
2016-07-12,11680.650390625
2016-07-13,11639.7998046875
2016-07-14,11590.650390625
2016-07-15,11607.7001953125
2016-07-18,11556.849609375
2016-07-19,11647.0
2016-07-20,11925.349609375
2016-07-21,11820.650390625
2016-07-22,11815.75
2016-07-25,11869.599609375
2016-07-26,11691.150390625
2016-07-27,11569.900390625
2016-07-28,11615.75
2016-07-29,11697.25
2016-08-01,11685.400390625
2016-08-02,11567.7998046875
2016-08-03,11553.2001953125
2016-08-04,11591.0
2016-08-05,11678.900390625
2016-08-08,11692.650390625
2016-08-09,11595.150390625
2016-08-10,11361.900390625
2016-08-11,11376.900390625
2016-08-12,11362.400390625
2016-08-16,11420.0
2016-08-17,11496.7998046875
2016-08-18,11565.2998046875
2016-08-19,11587.400390625
2016-08-22,11473.7998046875
2016-08-23,11409.0498046875
2016-08-24,11536.5498046875
2016-08-25,11490.849609375
2016-08-26,11395.4501953125
2016-08-29,11382.349609375
2016-08-30,11552.75
2016-08-31,11489.150390625
2016-09-01,11463.349609375
2016-09-02,11555.150390625
2016-09-06,11612.7001953125
2016-09-07,11633.0498046875
2016-09-08,11936.650390625
2016-09-09,11818.7998046875
2016-09-12,11622.599609375
2016-09-14,11640.599609375
2016-09-15,11715.650390625
2016-09-16,11725.5
2016-09-19,11766.650390625
2016-09-20,11746.400390625
2016-09-21,11730.9501953125
2016-09-22,11844.4501953125
2016-09-23,11798.650390625
2016-09-26,11708.7001953125
2016-09-27,11782.599609375
2016-09-28,11777.75
2016-09-29,11432.2001953125
2016-09-30,11461.0
2016-10-03,11638.25
2016-10-04,11681.400390625
2016-10-05,11615.900390625
2016-10-06,11494.4501953125
2016-10-07,11480.099609375
2016-10-10,11547.2998046875
2016-10-13,11338.849609375
2016-10-14,11380.099609375
2016-10-17,11279.400390625
2016-10-18,11469.4501953125
2016-10-19,11527.75
2016-10-20,11483.349609375
2016-10-21,11494.5498046875
2016-10-24,11487.599609375
2016-10-25,11585.9501953125
2016-10-26,11454.900390625
2016-10-27,11534.5498046875
2016-10-28,11571.849609375
2016-11-01,11530.150390625
2016-11-02,11268.900390625
2016-11-03,11124.2998046875
2016-11-04,10606.0
2016-11-07,10818.75
2016-11-08,10665.7998046875
2016-11-09,10871.099609375
2016-11-10,10990.5498046875
2016-11-11,10901.25
2016-11-15,10747.900390625
2016-11-16,10559.25
2016-11-17,10595.650390625
2016-11-18,10751.4501953125
2016-11-21,10642.099609375
2016-11-22,10693.849609375
2016-11-23,10934.2001953125
2016-11-24,10762.4501953125
2016-11-25,11085.0
2016-11-28,11110.25
2016-11-29,11061.2998046875
2016-11-30,11080.0498046875
2016-12-01,11132.0498046875
2016-12-02,11038.0498046875
2016-12-05,11073.5
2016-12-06,11069.849609375
2016-12-07,10832.650390625
2016-12-08,10972.650390625
2016-12-09,10929.4501953125
2016-12-12,10895.900390625
2016-12-13,10947.900390625
2016-12-14,10859.25
2016-12-15,10655.5
2016-12-16,10646.5
2016-12-19,10555.7001953125
2016-12-20,10436.75
2016-12-21,10361.599609375
2016-12-22,10226.150390625
2016-12-23,10156.650390625
2016-12-26,9889.2998046875
2016-12-27,10083.0
2016-12-28,10149.349609375
2016-12-29,10132.349609375
2016-12-30,10267.0
2017-01-02,10310.2001953125
2017-01-03,10317.4501953125
2017-01-04,10303.7998046875
2017-01-05,10457.75
2017-01-06,10472.7001953125
2017-01-09,10323.4501953125
2017-01-10,10366.7001953125
2017-01-11,10464.650390625
2017-01-12,10401.75
2017-01-13,10445.099609375
2017-01-16,10418.2001953125
2017-01-17,10426.650390625
2017-01-18,10452.4501953125
2017-01-19,10389.75
2017-01-20,10307.849609375
2017-01-23,10214.150390625
2017-01-24,10339.4501953125
2017-01-25,10332.599609375
2017-01-27,10367.2001953125
2017-01-30,10412.150390625
2017-01-31,10236.349609375
2017-02-01,10189.5
2017-02-02,10402.0
2017-02-03,10555.0
2017-02-06,10710.7998046875
2017-02-07,10604.0
2017-02-08,10583.400390625
2017-02-09,10542.599609375
2017-02-10,10438.099609375
2017-02-13,10403.599609375
2017-02-14,10322.25
2017-02-15,10137.650390625
2017-02-16,10407.75
2017-02-17,10624.400390625
2017-02-20,10641.599609375
2017-02-21,10644.599609375
2017-02-22,10582.2998046875
2017-02-23,10561.599609375
2017-02-27,10571.7001953125
2017-02-28,10585.150390625
2017-03-01,10700.7998046875
2017-03-02,10541.099609375
2017-03-03,10614.0498046875
2017-03-06,10612.849609375
2017-03-07,10560.900390625
2017-03-08,10584.349609375
2017-03-09,10499.0498046875
2017-03-10,10468.349609375
2017-03-14,10648.0498046875
2017-03-15,10671.0498046875
2017-03-16,10731.2001953125
2017-03-17,10674.9501953125
2017-03-20,10710.599609375
2017-03-21,10493.75
2017-03-22,10510.5498046875
2017-03-23,10575.2001953125
2017-03-24,10556.349609375
2017-03-27,10441.900390625
2017-03-28,10497.7001953125
2017-03-29,10419.5
2017-03-30,10407.2998046875
2017-03-31,10411.150390625
2017-04-03,10503.650390625
2017-04-05,10541.150390625
2017-04-06,10469.7001953125
2017-04-07,10285.7998046875
2017-04-10,10315.7998046875
2017-04-11,10355.5498046875
2017-04-12,10445.2001953125
2017-04-13,10531.9501953125
2017-04-17,10448.5498046875
2017-04-18,10355.7998046875
2017-04-19,10321.0498046875
2017-04-20,10303.9501953125
2017-04-21,10208.5
2017-04-24,10177.75
2017-04-25,10241.4501953125
2017-04-26,10197.2001953125
2017-04-27,10100.0
2017-04-28,10120.900390625
2017-05-02,10036.349609375
2017-05-03,9981.7998046875
2017-05-04,9979.0
2017-05-05,9935.150390625
2017-05-08,10021.0498046875
2017-05-09,9997.7001953125
2017-05-10,10106.2001953125
2017-05-11,10178.849609375
2017-05-12,10121.400390625
2017-05-15,10252.849609375
2017-05-16,10247.150390625
2017-05-17,10222.599609375
2017-05-18,10160.2998046875
2017-05-19,10156.099609375
2017-05-22,9959.2001953125
2017-05-23,9648.2998046875
2017-05-24,9446.9501953125
2017-05-25,9199.150390625
2017-05-26,9060.4501953125
2017-05-29,8757.7998046875
2017-05-30,8990.2998046875
2017-05-31,9025.25
2017-06-01,9104.9501953125
2017-06-02,9254.7001953125
2017-06-05,9229.75
2017-06-06,9174.599609375
2017-06-07,9300.5498046875
2017-06-08,9486.650390625
2017-06-09,9507.349609375
2017-06-12,9583.849609375
2017-06-13,9592.150390625
2017-06-14,9576.0
2017-06-15,9695.849609375
2017-06-16,9525.5
2017-06-19,9489.2001953125
2017-06-20,9481.900390625
2017-06-21,9456.7998046875
2017-06-22,9471.599609375
2017-06-23,9478.150390625
2017-06-27,9467.900390625
2017-06-28,9482.349609375
2017-06-29,9428.2001953125
2017-06-30,9606.400390625
2017-07-03,9616.2998046875
2017-07-04,9517.9501953125
2017-07-05,9589.150390625
2017-07-06,9598.4501953125
2017-07-07,9723.849609375
2017-07-10,9884.4501953125
2017-07-11,9801.650390625
2017-07-12,9817.7998046875
2017-07-13,9875.25
2017-07-14,9958.25
2017-07-17,9994.75
2017-07-18,10024.2998046875
2017-07-19,10234.599609375
2017-07-20,10140.75
2017-07-21,10052.400390625
2017-07-24,9980.5
2017-07-25,9930.5498046875
2017-07-26,10036.7998046875
2017-07-27,9880.25
2017-07-28,9672.599609375
2017-07-31,9476.400390625
2017-08-01,9517.2998046875
2017-08-02,9453.9501953125
2017-08-03,9336.900390625
2017-08-04,9256.849609375
2017-08-07,9229.0498046875
2017-08-08,9125.849609375
2017-08-09,8766.25
2017-08-10,8513.2001953125
2017-08-11,8521.349609375
2017-08-14,8758.099609375
2017-08-16,8859.400390625
2017-08-17,8797.099609375
2017-08-18,8639.400390625
2017-08-21,8490.2001953125
2017-08-22,8566.650390625
2017-08-23,8615.849609375
2017-08-24,8902.0498046875
2017-08-28,8975.0498046875
2017-08-29,8865.0498046875
2017-08-30,8908.0498046875
2017-08-31,8859.650390625
2017-09-01,9071.7001953125
2017-09-04,9070.349609375
2017-09-05,9037.599609375
2017-09-06,8897.2998046875
2017-09-07,8948.7998046875
2017-09-08,8840.2998046875
2017-09-11,8804.4501953125
2017-09-12,8996.099609375
2017-09-13,9140.599609375
2017-09-14,9380.849609375
2017-09-15,9338.0
2017-09-18,9339.5498046875
2017-09-19,9293.9501953125
2017-09-20,9319.849609375
2017-09-21,9629.75
2017-09-22,9465.4501953125
2017-09-25,9297.0498046875
2017-09-26,9297.900390625
2017-09-27,9036.4501953125
2017-09-28,9111.5498046875
2017-09-29,9172.599609375
2017-10-03,9214.9501953125
2017-10-04,9372.2998046875
2017-10-05,9394.150390625
2017-10-06,9477.75
2017-10-09,9505.7001953125
2017-10-10,9530.2998046875
2017-10-11,9441.150390625
2017-10-12,9577.099609375
2017-10-13,9545.599609375
2017-10-16,9692.5498046875
2017-10-17,9740.5498046875
2017-10-18,9622.599609375
2017-10-19,9593.5
2017-10-23,9542.2001953125
2017-10-24,9490.0
2017-10-25,9346.75
2017-10-26,9428.349609375
2017-10-27,9650.099609375
2017-10-30,9754.849609375
2017-10-31,9756.0
2017-11-01,9711.5498046875
2017-11-02,10004.5
2017-11-03,9897.2001953125
2017-11-06,9894.099609375
2017-11-07,9469.75
2017-11-08,9494.9501953125
2017-11-09,9435.849609375
2017-11-10,9311.5
2017-11-13,9238.849609375
2017-11-14,9208.4501953125
2017-11-15,9025.2001953125
2017-11-16,9082.650390625
2017-11-17,9161.7998046875
2017-11-20,9143.349609375
2017-11-21,9346.5498046875
2017-11-22,9278.0
2017-11-23,9293.2001953125
2017-11-24,9364.2998046875
2017-11-27,9368.7001953125
2017-11-28,9318.5
2017-11-29,9351.849609375
2017-11-30,9238.75
2017-12-01,9083.849609375
2017-12-04,9052.0
2017-12-05,9043.150390625
2017-12-06,8938.2001953125
2017-12-07,8960.400390625
2017-12-08,9098.4501953125
2017-12-11,9186.099609375
2017-12-12,9119.099609375
2017-12-13,9002.7998046875
2017-12-14,9070.849609375
2017-12-15,9100.2998046875
2017-12-18,9230.4501953125
2017-12-19,9299.650390625
2017-12-20,9285.4501953125
2017-12-21,9321.599609375
2017-12-22,9326.599609375
2017-12-26,9416.0
2017-12-27,9639.849609375
2017-12-28,9584.2001953125
2017-12-29,9620.099609375
2018-01-01,9618.150390625
2018-01-02,9565.7998046875
2018-01-03,9519.5498046875
2018-01-04,9633.599609375
2018-01-05,9701.0498046875
2018-01-08,9838.25
2018-01-09,9770.2001953125
2018-01-10,9748.599609375
2018-01-11,9772.849609375
2018-01-12,9741.849609375
2018-01-15,9659.75
2018-01-16,9623.4501953125
2018-01-17,9744.2998046875
2018-01-18,9626.4501953125
2018-01-19,9637.7998046875
2018-01-22,9654.7998046875
2018-01-23,9767.2998046875
2018-01-24,9826.400390625
2018-01-25,9729.150390625
2018-01-29,9622.349609375
2018-01-30,9563.5498046875
2018-01-31,9384.75
2018-02-01,9158.7001953125
2018-02-02,9042.75
2018-02-05,9069.5
2018-02-06,8871.25
2018-02-07,8935.7998046875
2018-02-08,9262.4501953125
2018-02-09,9222.5498046875
2018-02-12,9339.9501953125
2018-02-14,9249.2001953125
2018-02-15,9207.5
2018-02-16,9180.900390625
2018-02-19,9027.900390625
2018-02-20,9020.75
2018-02-21,8843.400390625
2018-02-22,8861.75
2018-02-23,9095.400390625
2018-02-26,9065.099609375
2018-02-27,9023.4501953125
2018-02-28,8960.25
2018-03-01,8917.75
2018-03-05,8855.7998046875
2018-03-06,8749.5498046875
2018-03-07,8615.0
2018-03-08,8586.349609375
2018-03-09,8515.7001953125
2018-03-12,8600.7001953125
2018-03-13,8712.099609375
2018-03-14,8701.5498046875
2018-03-15,8670.5498046875
2018-03-16,8546.7998046875
2018-03-19,8512.900390625
2018-03-20,8578.7001953125
2018-03-21,8525.4501953125
2018-03-22,8474.0
2018-03-23,8327.400390625
2018-03-26,8390.5
2018-03-27,8452.5
2018-03-28,8358.0498046875
2018-04-02,8620.849609375
2018-04-03,8664.7001953125
2018-04-04,8569.5
2018-04-05,8655.650390625
2018-04-06,8772.400390625
2018-04-09,8738.150390625
2018-04-10,8719.599609375
2018-04-11,8761.7998046875
2018-04-12,8685.0498046875
2018-04-13,8730.599609375
2018-04-16,8867.2001953125
2018-04-17,8827.75
2018-04-18,8790.0
2018-04-19,8829.75
2018-04-20,8819.7998046875
2018-04-23,8949.900390625
2018-04-24,8984.150390625
2018-04-25,8901.150390625
2018-04-26,8896.599609375
2018-04-27,8987.400390625
2018-04-30,9060.7001953125
2018-05-02,8961.0498046875
2018-05-03,8966.2998046875
2018-05-04,8817.4501953125
2018-05-07,8774.400390625
2018-05-08,8753.25
2018-05-09,8704.099609375
2018-05-10,8544.9501953125
2018-05-11,8445.7001953125
2018-05-14,8462.0498046875
2018-05-15,8401.150390625
2018-05-16,8399.099609375
2018-05-17,8403.0
2018-05-18,8211.849609375
2018-05-21,7983.2001953125
2018-05-22,8118.89990234375
2018-05-23,8069.7001953125
2018-05-24,8207.0
2018-05-25,8297.25
2018-05-28,8498.2001953125
2018-05-29,8410.4501953125
2018-05-30,8321.099609375
2018-05-31,8220.25
2018-06-01,8213.2001953125
2018-06-04,8205.7998046875
2018-06-05,8117.75
2018-06-06,8233.650390625
2018-06-07,8252.150390625
2018-06-08,8603.9501953125
2018-06-11,8647.150390625
2018-06-12,8870.4501953125
2018-06-13,8948.9501953125
2018-06-14,9112.4501953125
2018-06-15,9316.25
2018-06-18,9319.2998046875
2018-06-19,9253.9501953125
2018-06-20,9291.349609375
2018-06-21,9198.7998046875
2018-06-22,9360.900390625
2018-06-25,9286.7998046875
2018-06-26,9247.75
2018-06-27,9263.4501953125
2018-06-28,9149.400390625
2018-06-29,9173.150390625
2018-07-02,9133.900390625
2018-07-03,9325.2998046875
2018-07-04,9399.599609375
2018-07-05,9274.25
2018-07-06,9189.900390625
2018-07-09,9307.599609375
2018-07-10,9276.099609375
2018-07-11,9228.7001953125
2018-07-12,9244.099609375
2018-07-13,9164.0
2018-07-16,8786.400390625
2018-07-17,8926.099609375
2018-07-18,8885.650390625
2018-07-19,8749.900390625
2018-07-20,8895.25
2018-07-23,8937.400390625
2018-07-24,9049.0498046875
2018-07-25,8969.25
2018-07-26,8994.650390625
2018-07-27,9039.0
2018-07-30,9115.5498046875
2018-07-31,9179.400390625
2018-08-01,9301.7001953125
2018-08-02,9424.650390625
2018-08-03,9500.75
2018-08-06,9408.599609375
2018-08-07,9371.0498046875
2018-08-08,9307.25
2018-08-09,9249.9501953125
2018-08-10,9138.25
2018-08-13,9186.599609375
2018-08-14,9481.150390625
2018-08-16,9595.349609375
2018-08-17,9693.849609375
2018-08-20,9799.150390625
2018-08-21,9950.5
2018-08-23,10076.7998046875
2018-08-24,10061.099609375
2018-08-27,10094.2001953125
2018-08-28,10050.099609375
2018-08-29,10008.900390625
2018-08-30,10120.5498046875
2018-08-31,10390.9501953125
2018-09-03,10359.900390625
2018-09-04,10205.5498046875
2018-09-05,10303.400390625
2018-09-06,10583.150390625
2018-09-07,10661.25
2018-09-10,10446.5
2018-09-11,10279.0498046875
2018-09-12,10391.599609375
2018-09-14,10652.849609375
2018-09-17,10504.150390625
2018-09-18,10465.400390625
2018-09-19,10456.9501953125
2018-09-21,10252.349609375
2018-09-24,9994.75
2018-09-25,10245.150390625
2018-09-26,10289.2998046875
2018-09-27,10092.4501953125
2018-09-28,9972.4501953125
2018-10-01,10034.400390625
2018-10-03,9950.900390625
2018-10-04,9630.75
2018-10-05,9547.349609375
2018-10-08,9505.7998046875
2018-10-09,9638.75
2018-10-10,9771.349609375
2018-10-11,9488.650390625
2018-10-12,9525.599609375
2018-10-15,9774.099609375
2018-10-16,9836.75
2018-10-17,9686.400390625
2018-10-19,9650.2998046875
2018-10-22,9646.650390625
2018-10-23,9368.25
2018-10-24,9334.400390625
2018-10-25,9142.7001953125
2018-10-26,9115.099609375
2018-10-29,9590.400390625
2018-10-30,9535.2998046875
2018-10-31,9757.5
2018-11-01,9609.150390625
2018-11-02,9547.849609375
2018-11-05,9460.5
2018-11-06,9454.9501953125
2018-11-07,9502.099609375
2018-11-09,9643.900390625
2018-11-12,9557.5
2018-11-13,9422.5498046875
2018-11-14,9216.150390625
2018-11-15,9218.5498046875
2018-11-16,9301.349609375
2018-11-19,9399.25
2018-11-20,9218.7001953125
2018-11-21,9375.099609375
2018-11-22,9302.2998046875
2018-11-26,9180.5
2018-11-27,9058.4501953125
2018-11-28,9014.7998046875
2018-11-29,9090.650390625
2018-11-30,9275.7001953125
2018-12-03,9053.400390625
2018-12-04,9064.400390625
2018-12-05,8812.2001953125
2018-12-06,8686.5
2018-12-07,8682.599609375
2018-12-10,8535.2998046875
2018-12-11,8746.599609375
2018-12-12,8801.5
2018-12-13,8810.7998046875
2018-12-14,8726.400390625
2018-12-17,8771.2998046875
2018-12-18,8840.400390625
2018-12-19,8823.4501953125
2018-12-20,8853.7998046875
2018-12-21,8774.0498046875
2018-12-24,8726.349609375
2018-12-26,8684.849609375
2018-12-27,8665.75
2018-12-28,8814.2001953125
2018-12-31,8868.7001953125
2019-01-01,8881.9501953125
2019-01-02,8839.9501953125
2019-01-03,8722.2998046875
2019-01-04,8788.0498046875
2019-01-07,8732.650390625
2019-01-08,8864.75
2019-01-09,8906.7001953125
2019-01-10,8934.7998046875
2019-01-11,8902.4501953125
2019-01-14,8949.2998046875
2019-01-15,9027.5
2019-01-16,9054.2001953125
2019-01-17,8930.5
2019-01-18,8689.599609375
2019-01-21,8734.7001953125
2019-01-22,8892.599609375
2019-01-23,8946.2001953125
2019-01-24,8894.5
2019-01-25,8891.0
2019-01-28,8663.900390625
2019-01-29,8756.900390625
2019-01-30,8734.599609375
2019-01-31,8825.349609375
2019-02-01,8969.5498046875
2019-02-04,8811.900390625
2019-02-05,8800.599609375
2019-02-06,8906.900390625
2019-02-07,9056.150390625
2019-02-08,8984.849609375
2019-02-11,8838.0
2019-02-12,8904.9501953125
2019-02-14,8920.900390625
2019-02-15,8643.2998046875
2019-02-18,8573.9501953125
2019-02-19,8552.7001953125
2019-02-20,8606.349609375
2019-02-21,8706.349609375
2019-02-22,8772.599609375
2019-02-25,8816.2001953125
2019-02-26,8829.4501953125
2019-02-27,8866.2001953125
2019-02-28,8884.849609375
2019-03-01,8972.650390625
2019-03-05,9054.650390625
2019-03-06,9155.0
2019-03-07,9045.650390625
2019-03-08,9021.849609375
2019-03-11,9155.0498046875
2019-03-12,9274.7998046875
2019-03-13,9100.25
2019-03-14,9184.900390625
2019-03-15,9221.75
2019-03-18,9204.9501953125
2019-03-19,9244.599609375
2019-03-20,9264.5
2019-03-22,9199.349609375
2019-03-25,9170.150390625
2019-03-26,9245.0
2019-03-27,9148.7998046875
2019-03-28,9199.400390625
2019-04-01,9375.400390625
2019-04-02,9296.9501953125
2019-04-03,9180.2998046875
2019-04-04,9263.400390625
2019-04-05,9271.5498046875
2019-04-08,9243.900390625
2019-04-09,9333.2998046875
2019-04-10,9407.900390625
2019-04-11,9391.150390625
2019-04-12,9426.4501953125
2019-04-15,9417.75
2019-04-16,9417.7998046875
2019-04-18,9409.900390625
2019-04-22,9285.4501953125
2019-04-23,9388.7998046875
2019-04-24,9459.0
2019-04-25,9442.5498046875
2019-04-26,9461.7001953125
2019-04-30,9402.5
2019-05-02,9291.2998046875
2019-05-03,9220.4501953125
2019-05-06,9189.75
2019-05-07,9148.2001953125
2019-05-08,9003.349609375
2019-05-09,8976.900390625
2019-05-10,8944.599609375
2019-05-13,8553.5
2019-05-14,8683.900390625
2019-05-15,8595.75
2019-05-16,8577.349609375
2019-05-17,8448.9501953125
2019-05-20,8505.9501953125
2019-05-21,8488.25
2019-05-22,8510.849609375
2019-05-23,8497.599609375
2019-05-24,8608.4501953125
2019-05-27,8525.0
2019-05-28,8513.849609375
2019-05-29,8484.650390625
2019-05-30,8474.7001953125
2019-05-31,8455.099609375
2019-06-03,8536.599609375
2019-06-04,8432.9501953125
2019-06-06,8279.099609375
2019-06-07,8179.60009765625
2019-06-10,8246.7001953125
2019-06-11,8243.5
2019-06-12,8179.14990234375
2019-06-13,8148.5498046875
2019-06-14,8083.5498046875
2019-06-17,7975.25
2019-06-18,7916.9501953125
2019-06-19,7790.5
2019-06-20,8029.0
2019-06-21,7911.5498046875
2019-06-24,7902.0
2019-06-25,7947.2001953125
2019-06-26,8086.2998046875
2019-06-27,8088.0
2019-06-28,8065.14990234375
2019-07-01,8178.7998046875
2019-07-02,8101.64990234375
2019-07-03,8092.2001953125
2019-07-04,8046.7998046875
2019-07-05,7926.5
2019-07-08,7801.75
2019-07-09,8012.0498046875
2019-07-10,8009.5
2019-07-11,8110.0498046875
2019-07-12,8144.2998046875
2019-07-15,8231.849609375
2019-07-16,8347.9501953125
2019-07-17,8330.75
2019-07-18,8223.150390625
2019-07-19,8040.10009765625
2019-07-22,8120.85009765625
2019-07-23,8063.64990234375
2019-07-24,7920.64990234375
2019-07-25,8094.35009765625
2019-07-26,8178.89990234375
2019-07-29,8039.7998046875
2019-07-30,7877.75
2019-07-31,7987.5
2019-08-01,7878.75
2019-08-02,7868.2001953125
2019-08-05,7807.9501953125
2019-08-06,7818.5
2019-08-07,7879.75
2019-08-08,7964.7998046875
2019-08-09,7924.0498046875
2019-08-13,7851.9501953125
2019-08-14,7744.2998046875
2019-08-16,7684.2998046875
2019-08-19,7741.35009765625
2019-08-20,7749.7001953125
2019-08-21,7677.25
2019-08-22,7670.85009765625
2019-08-23,7780.5498046875
2019-08-26,7824.2998046875
2019-08-27,7812.10009765625
2019-08-28,7738.64990234375
2019-08-29,7912.5
2019-08-30,8072.0498046875
2019-09-03,7976.4501953125
2019-09-04,7967.64990234375
2019-09-05,8071.75
2019-09-06,8068.75
2019-09-09,8077.89990234375
2019-09-11,8082.89990234375
2019-09-12,8102.14990234375
2019-09-13,8033.0498046875
2019-09-16,8070.64990234375
2019-09-17,7933.85009765625
2019-09-18,7923.4501953125
2019-09-19,7799.60009765625
2019-09-20,7983.5498046875
2019-09-23,7857.25
2019-09-24,7891.9501953125
2019-09-25,7789.7001953125
2019-09-26,7857.2998046875
2019-09-27,7695.2998046875
2019-09-30,7547.75
2019-10-01,7466.4501953125
2019-10-03,7461.75
2019-10-04,7396.89990234375
2019-10-07,7148.9501953125
2019-10-09,7235.60009765625
2019-10-10,7235.60009765625
2019-10-11,7278.4501953125
2019-10-14,7361.7001953125
2019-10-15,7420.64990234375
2019-10-16,7475.35009765625
2019-10-17,7533.4501953125
2019-10-18,7608.14990234375
2019-10-22,7746.14990234375
2019-10-23,7761.85009765625
2019-10-24,7728.14990234375
2019-10-25,7736.5498046875
2019-10-29,7824.60009765625
2019-10-30,7819.35009765625
2019-10-31,7878.14990234375
2019-11-01,7949.4501953125
2019-11-04,7966.85009765625
2019-11-05,7879.5498046875
2019-11-06,7926.35009765625
2019-11-07,7966.0
2019-11-08,7787.39990234375
2019-11-11,7784.89990234375
2019-11-13,7660.4501953125
2019-11-14,7591.4501953125
2019-11-15,7720.60009765625
2019-11-18,7816.5498046875
2019-11-19,7851.4501953125
2019-11-20,8107.60009765625
2019-11-21,8068.9501953125
2019-11-22,8067.2001953125
2019-11-25,8211.5498046875
2019-11-26,8177.85009765625
2019-11-27,8246.099609375
2019-11-28,8273.650390625
2019-11-29,8189.9501953125
2019-12-02,8128.9501953125
2019-12-03,8044.85009765625
2019-12-04,8121.5
2019-12-05,8051.85009765625
2019-12-06,7957.5498046875
2019-12-09,7960.35009765625
2019-12-10,7940.5
2019-12-11,7967.85009765625
2019-12-12,8045.35009765625
2019-12-13,8045.0498046875
2019-12-16,8025.85009765625
2019-12-17,7999.60009765625
2019-12-18,8091.10009765625
2019-12-19,8073.0498046875
2019-12-20,8049.4501953125
2019-12-23,8051.5
2019-12-24,8073.7998046875
2019-12-26,7997.60009765625
2019-12-27,8068.0498046875
2019-12-30,8083.10009765625
2019-12-31,8040.14990234375
2020-01-01,8047.10009765625
2020-01-02,8053.9501953125
2020-01-03,8111.9501953125
2020-01-06,7987.35009765625
2020-01-07,8036.5
2020-01-08,7996.14990234375
2020-01-09,8033.14990234375
2020-01-10,8058.5
2020-01-13,8078.4501953125
2020-01-14,8117.0
2020-01-15,8166.2001953125
2020-01-16,8203.099609375
2020-01-17,8345.2998046875
2020-01-20,8269.349609375
2020-01-21,8274.2001953125
2020-01-22,8256.650390625
2020-01-23,8300.2001953125
2020-01-24,8294.0498046875
2020-01-27,8416.349609375
2020-01-28,8420.25
2020-01-29,8412.7998046875
2020-01-30,8237.0498046875
2020-01-31,8138.60009765625
2020-02-03,7967.5498046875
2020-02-04,8122.39990234375
2020-02-05,8125.60009765625
2020-02-06,8227.900390625
2020-02-07,8341.849609375
2020-02-10,8261.25
2020-02-11,8324.650390625
2020-02-12,8265.0498046875
2020-02-13,8335.7001953125
2020-02-14,8331.7001953125
2020-02-17,8204.849609375
2020-02-18,8198.2998046875
2020-02-19,8378.650390625
2020-02-20,8364.349609375
2020-02-24,8115.5498046875
2020-02-25,7938.4501953125
2020-02-26,7839.2001953125
2020-02-27,7885.14990234375
2020-02-28,7576.75
2020-03-02,7535.10009765625
2020-03-03,7920.60009765625
2020-03-04,8086.5498046875
2020-03-05,8146.0
2020-03-06,8018.2998046875
2020-03-09,7756.4501953125
2020-03-11,7623.0498046875
2020-03-12,6942.5498046875
2020-03-13,7268.0
2020-03-16,6959.35009765625
2020-03-17,6979.10009765625
2020-03-18,6705.75
2020-03-19,6655.5
2020-03-20,6951.89990234375
2020-03-23,6432.2998046875
2020-03-24,6611.0498046875
2020-03-25,6695.5498046875
2020-03-26,6775.0
2020-03-27,6813.0498046875
2020-03-30,6896.0
2020-03-31,7176.5
2020-04-01,7026.7001953125
2020-04-03,7361.60009765625
2020-04-07,8124.85009765625
2020-04-08,8412.2001953125
2020-04-09,8800.4501953125
2020-04-13,9044.349609375
2020-04-15,9038.7998046875
2020-04-16,9199.2998046875
2020-04-17,9157.75
2020-04-20,9149.2001953125
2020-04-21,9381.650390625
2020-04-22,9377.0
2020-04-23,9388.900390625
2020-04-24,9518.4501953125
2020-04-27,9602.0498046875
2020-04-28,9386.2001953125
2020-04-29,9385.4501953125
2020-04-30,9327.099609375
2020-05-04,9364.599609375
2020-05-05,9181.5
2020-05-06,9227.150390625
2020-05-07,9148.099609375
2020-05-08,9343.349609375
2020-05-11,9307.2998046875
2020-05-12,9246.650390625
2020-05-13,9147.75
2020-05-14,9172.2001953125
2020-05-15,9093.0
2020-05-18,9092.650390625
2020-05-19,9084.599609375
2020-05-20,9456.7998046875
2020-05-21,9520.5498046875
2020-05-22,9600.650390625
2020-05-26,9483.5
2020-05-27,9463.7001953125
2020-05-28,9464.5
2020-05-29,9768.599609375
2020-06-01,9802.099609375
2020-06-02,9833.599609375
2020-06-03,9864.0498046875
2020-06-04,10077.849609375
2020-06-05,10081.2998046875
2020-06-08,9939.099609375
2020-06-09,10122.0498046875
2020-06-10,10149.25
2020-06-11,9933.400390625
2020-06-12,9982.7998046875
2020-06-15,9989.0498046875
2020-06-16,9926.400390625
2020-06-17,9977.2001953125
2020-06-18,9975.2998046875
2020-06-19,10002.150390625
2020-06-22,10218.349609375
2020-06-23,10360.7998046875
2020-06-24,10110.5
2020-06-25,10193.150390625
2020-06-26,10137.849609375
2020-06-29,10135.900390625
2020-06-30,9985.150390625
2020-07-01,9882.849609375
2020-07-02,9943.650390625
2020-07-03,9963.400390625
2020-07-06,9901.25
2020-07-07,9878.0
2020-07-08,9948.5
2020-07-09,9987.5498046875
2020-07-10,10072.25
2020-07-13,10106.599609375
2020-07-14,10155.0498046875
2020-07-15,10210.75
2020-07-16,10382.2998046875
2020-07-17,10472.150390625
2020-07-20,10304.599609375
2020-07-21,10153.7998046875
2020-07-22,10175.2001953125
2020-07-23,10322.150390625
2020-07-24,10237.9501953125
2020-07-27,10062.0498046875
2020-07-28,10128.0498046875
2020-07-29,10441.150390625
2020-07-30,10766.0498046875
2020-07-31,11148.900390625
2020-08-03,11128.400390625
2020-08-04,11316.9501953125
2020-08-05,11263.75
2020-08-06,11403.650390625
2020-08-07,11333.0
2020-08-10,11941.400390625
2020-08-11,11772.25
2020-08-12,11590.25
2020-08-13,11477.9501953125
2020-08-14,11640.400390625
2020-08-17,11595.349609375
2020-08-18,11581.7001953125
2020-08-19,11537.900390625
2020-08-20,11540.900390625
2020-08-21,11614.900390625
2020-08-24,11572.25
2020-08-25,11500.0
2020-08-26,11484.5498046875
2020-08-27,11588.0498046875
2020-08-28,11622.900390625
2020-08-31,11079.7998046875
2020-09-01,11339.5
2020-09-02,11404.25
2020-09-03,11511.849609375
2020-09-04,11281.4501953125
2020-09-07,11269.849609375
2020-09-08,11093.2001953125
2020-09-09,11304.099609375
2020-09-10,11303.400390625
2020-09-11,11313.2998046875
2020-09-14,11233.2998046875
2020-09-15,11450.5
2020-09-16,11688.5498046875
2020-09-17,11735.9501953125
2020-09-18,12320.900390625
2020-09-21,11799.5498046875
2020-09-22,11876.849609375
2020-09-23,11685.900390625
2020-09-24,11334.599609375
2020-09-25,11595.900390625
2020-09-28,11796.599609375
2020-09-29,11709.5
2020-09-30,11772.849609375
2020-10-01,11822.900390625
2020-10-05,12024.0
2020-10-06,12009.4501953125
2020-10-07,11915.0
2020-10-08,12209.2001953125
2020-10-09,12043.9501953125
2020-10-12,12154.5498046875
2020-10-13,11937.099609375
2020-10-14,11857.25
2020-10-15,11637.900390625
2020-10-16,11814.099609375
2020-10-19,11616.650390625
2020-10-20,11644.400390625
2020-10-21,11645.7001953125
2020-10-22,11545.2998046875
2020-10-23,11503.0498046875
2020-10-26,11334.2001953125
2020-10-27,11511.5
2020-10-28,11325.099609375
2020-10-29,11226.0
2020-10-30,11243.75
2020-11-02,11175.2998046875
2020-11-03,11361.0
2020-11-04,11608.650390625
2020-11-05,11704.9501953125
2020-11-06,11623.349609375
2020-11-09,11674.349609375
2020-11-10,11168.900390625
2020-11-11,11570.349609375
2020-11-12,11600.7998046875
2020-11-13,11726.4501953125
2020-11-17,11690.7998046875
2020-11-18,11612.9501953125
2020-11-19,11566.599609375
2020-11-20,11526.75
2020-11-23,11737.2001953125
2020-11-24,11880.7998046875
2020-11-25,11635.2001953125
2020-11-26,11801.25
2020-11-27,11839.150390625
2020-12-01,12045.150390625
2020-12-02,12088.599609375
2020-12-03,12206.9501953125
2020-12-04,12353.599609375
2020-12-07,12555.9501953125
2020-12-08,12407.2998046875
2020-12-09,12443.900390625
2020-12-10,12440.599609375
2020-12-11,12366.0
2020-12-14,12459.900390625
2020-12-15,12432.599609375
2020-12-16,12547.5
2020-12-17,12602.400390625
2020-12-18,12762.349609375
2020-12-21,12278.150390625
2020-12-22,12550.9501953125
2020-12-23,12753.25
2020-12-24,12908.9501953125
2020-12-28,12874.349609375
2020-12-29,12843.900390625
2020-12-30,12823.900390625
2020-12-31,12915.900390625
2021-01-01,13001.9501953125
2021-01-04,13149.7998046875
2021-01-05,13166.349609375
2021-01-06,13118.099609375
2021-01-07,13060.75
2021-01-08,13271.5498046875
2021-01-11,13412.349609375
2021-01-12,13244.7001953125
2021-01-13,13122.5498046875
2021-01-14,13232.5498046875
2021-01-15,13014.25
2021-01-18,12653.5
2021-01-19,12866.0498046875
2021-01-20,12881.2001953125
2021-01-21,12697.150390625
2021-01-22,12542.099609375
2021-01-25,12756.75
2021-01-27,12495.900390625
2021-01-28,12395.9501953125
2021-01-29,12170.25
2021-02-01,12103.5498046875
2021-02-02,12361.5498046875
2021-02-03,12706.650390625
2021-02-04,12739.0498046875
2021-02-05,12950.650390625
2021-02-08,12971.0
2021-02-09,12812.7998046875
2021-02-10,12905.5498046875
2021-02-11,12929.7998046875
2021-02-12,12785.75
2021-02-15,12745.099609375
2021-02-16,12804.150390625
2021-02-17,12584.349609375
2021-02-18,12517.5
2021-02-19,12347.400390625
2021-02-22,12032.2998046875
2021-02-23,12029.5
2021-02-24,12035.849609375
2021-02-25,12141.7001953125
2021-02-26,11927.900390625
2021-03-01,12092.7001953125
2021-03-02,12257.2998046875
2021-03-03,12379.599609375
2021-03-04,12351.75
2021-03-05,12192.75
2021-03-08,12239.849609375
2021-03-09,12133.849609375
2021-03-10,12313.25
2021-03-12,12184.25
2021-03-15,12024.5
2021-03-16,12013.0
2021-03-17,11787.5
2021-03-18,11514.4501953125
2021-03-19,11667.099609375
2021-03-22,11850.75
2021-03-23,11907.2001953125
2021-03-24,11916.2998046875
2021-03-25,11816.7998046875
2021-03-26,11883.2001953125
2021-03-30,12206.599609375
2021-03-31,12272.599609375
2021-04-01,12377.099609375
2021-04-05,12331.5
2021-04-06,12548.599609375
2021-04-07,12616.349609375
2021-04-08,12611.7001953125
2021-04-09,12995.349609375
2021-04-12,12961.849609375
2021-04-13,12807.5
2021-04-15,12987.0498046875
2021-04-16,13234.25
2021-04-19,13256.25
2021-04-20,13426.900390625
2021-04-22,13378.9501953125
2021-04-23,13319.75
2021-04-26,13203.849609375
2021-04-27,13296.75
2021-04-28,13252.9501953125
2021-04-29,13298.650390625
2021-04-30,13469.25
2021-05-03,13507.4501953125
2021-05-04,13234.75
2021-05-05,13779.7001953125
2021-05-06,13747.75
2021-05-07,13747.099609375
2021-05-10,14131.849609375
2021-05-11,14066.650390625
2021-05-12,14065.0498046875
2021-05-14,13885.5
2021-05-17,13858.7001953125
2021-05-18,13832.400390625
2021-05-19,14001.349609375
2021-05-20,13970.2001953125
2021-05-21,13993.7001953125
2021-05-24,14034.650390625
2021-05-25,14090.099609375
2021-05-26,14127.25
2021-05-27,14100.0498046875
2021-05-28,13934.099609375
2021-05-31,14051.75
2021-06-01,14058.0498046875
2021-06-02,14151.849609375
2021-06-03,14114.400390625
2021-06-04,14101.5498046875
2021-06-07,14069.0
2021-06-08,14189.849609375
2021-06-09,14118.900390625
2021-06-10,14313.900390625
2021-06-11,14464.0498046875
2021-06-14,14449.599609375
2021-06-15,14322.650390625
2021-06-16,14215.7001953125
2021-06-17,14081.599609375
2021-06-18,14030.599609375
2021-06-21,14082.9501953125
2021-06-22,14095.0
2021-06-23,14018.0498046875
2021-06-24,13967.9501953125
2021-06-25,14069.599609375
2021-06-28,14247.599609375
2021-06-29,14330.2001953125
2021-06-30,14308.900390625
2021-07-01,14442.4501953125
2021-07-02,14529.650390625
2021-07-05,14528.5
2021-07-06,14406.9501953125
2021-07-07,14453.2001953125
2021-07-08,14269.2998046875
2021-07-09,14360.2001953125
2021-07-12,14372.2001953125
2021-07-13,14460.0498046875
2021-07-14,14507.0
2021-07-15,14467.4501953125
2021-07-16,14635.0498046875
2021-07-19,14669.900390625
2021-07-20,14479.2001953125
2021-07-22,14575.400390625
2021-07-23,14597.849609375
2021-07-26,14652.5498046875
2021-07-27,14018.650390625
2021-07-28,13964.75
2021-07-29,13920.349609375
2021-07-30,14425.2998046875
2021-08-02,14474.9501953125
2021-08-03,14647.849609375
2021-08-04,14594.349609375
2021-08-05,14579.849609375
2021-08-06,14517.5
2021-08-09,14533.4501953125
2021-08-10,14502.900390625
2021-08-11,14291.150390625
2021-08-12,14133.0498046875
2021-08-13,14049.0498046875
2021-08-16,13965.400390625
2021-08-17,14041.25
2021-08-18,14071.349609375
2021-08-20,13711.150390625
2021-08-23,13700.599609375
2021-08-24,13876.0498046875
2021-08-25,13830.5
2021-08-26,13758.599609375
2021-08-27,13948.7001953125
2021-08-30,14222.5
2021-08-31,14344.75
2021-09-01,14319.849609375
2021-09-02,14458.5
2021-09-03,14485.650390625
2021-09-06,14481.5498046875
2021-09-07,14387.349609375
2021-09-08,14349.4501953125
2021-09-09,14329.849609375
2021-09-13,14377.0498046875
2021-09-14,14410.9501953125
2021-09-15,14487.900390625
2021-09-16,14491.349609375
2021-09-17,14355.150390625
2021-09-20,14097.25
2021-09-21,14278.9501953125
2021-09-22,14334.25
2021-09-23,14380.5
2021-09-24,14289.150390625
2021-09-27,14156.7001953125
2021-09-28,14171.599609375
2021-09-29,14404.9501953125
2021-09-30,14466.5
2021-10-01,14587.650390625
2021-10-04,14812.400390625
2021-10-05,14738.25
2021-10-06,14461.9501953125
2021-10-07,14562.2001953125
2021-10-08,14514.7998046875
2021-10-11,14615.349609375
2021-10-12,14629.2001953125
2021-10-13,14679.400390625
2021-10-14,14728.650390625
2021-10-18,14598.2001953125
2021-10-19,14384.349609375
2021-10-20,14177.349609375
2021-10-21,14169.9501953125
2021-10-22,13949.650390625
2021-10-25,13943.849609375
2021-10-26,13970.650390625
2021-10-27,14094.25
2021-10-28,13780.599609375
2021-10-29,13879.349609375
2021-11-01,14049.4501953125
2021-11-02,13993.2001953125
2021-11-03,13888.2998046875
2021-11-04,13948.2001953125
2021-11-08,13851.25
2021-11-09,13878.7001953125
2021-11-10,13911.2998046875
2021-11-11,13717.7998046875
2021-11-12,13774.650390625
2021-11-15,13974.349609375
2021-11-16,13798.7998046875
2021-11-17,13621.900390625
2021-11-18,13481.400390625
2021-11-22,13245.349609375
2021-11-23,13489.9501953125
2021-11-24,13408.099609375
2021-11-25,13566.5
2021-11-26,13797.099609375
2021-11-29,13648.7998046875
2021-11-30,13662.7998046875
2021-12-01,13442.099609375
2021-12-02,13557.0
2021-12-03,13443.849609375
2021-12-06,13192.25
2021-12-07,13234.349609375
2021-12-08,13433.849609375
2021-12-09,13449.400390625
2021-12-10,13446.099609375
2021-12-13,13432.900390625
2021-12-14,13575.900390625
2021-12-15,13512.0498046875
2021-12-16,13393.650390625
2021-12-17,13230.7001953125
2021-12-20,13184.4501953125
2021-12-21,13282.849609375
2021-12-22,13547.7001953125
2021-12-23,13644.5
2021-12-24,13491.25
2021-12-27,13710.150390625
2021-12-28,13836.150390625
2021-12-29,14072.900390625
2021-12-30,14135.5
2021-12-31,14223.0
2022-01-03,14156.400390625
2022-01-04,14040.650390625
2022-01-05,13999.849609375
2022-01-06,13912.25
2022-01-07,13857.9501953125
2022-01-10,13858.9501953125
2022-01-11,13854.25
2022-01-12,13833.7001953125
2022-01-13,14051.150390625
2022-01-14,13964.150390625
2022-01-17,13862.4501953125
2022-01-18,13697.599609375
2022-01-19,13682.7001953125
2022-01-20,13454.900390625
2022-01-21,13243.0498046875
2022-01-24,12998.599609375
2022-01-25,13092.099609375
2022-01-27,12847.900390625
2022-01-28,12983.0498046875
2022-01-31,13179.900390625
2022-02-01,13477.5
2022-02-02,13643.650390625
2022-02-03,13617.599609375
2022-02-04,13580.2998046875
2022-02-07,13381.7001953125
2022-02-08,13444.7001953125
2022-02-09,13570.2998046875
2022-02-10,13613.0498046875
2022-02-11,13510.2998046875
2022-02-14,13252.150390625
2022-02-15,13356.900390625
2022-02-16,13425.099609375
2022-02-17,13324.400390625
2022-02-18,13208.7998046875
2022-02-21,13029.900390625
2022-02-22,12954.5
2022-02-23,12976.2998046875
2022-02-24,12500.099609375
2022-02-25,12899.849609375
2022-02-28,12927.599609375
2022-03-02,12689.5498046875
2022-03-03,12643.75
2022-03-04,12600.150390625
2022-03-07,12546.849609375
2022-03-08,12844.849609375
2022-03-09,13059.25
2022-03-10,13077.0498046875
2022-03-11,13399.0
2022-03-14,13351.900390625
2022-03-15,13318.849609375
2022-03-16,13374.5
2022-03-17,13546.0498046875
2022-03-21,13549.5498046875
2022-03-22,13513.150390625
2022-03-23,13569.650390625
2022-03-24,13724.5
2022-03-25,13607.0498046875
2022-03-28,13562.25
2022-03-29,13771.400390625
2022-03-30,13745.599609375
2022-03-31,13584.099609375
2022-04-01,13579.900390625
2022-04-04,13789.25
2022-04-05,13809.25
2022-04-06,13758.4501953125
2022-04-07,13815.0
2022-04-08,13838.599609375
2022-04-11,13837.849609375
2022-04-12,13744.650390625
2022-04-13,13772.75
2022-04-18,13717.2998046875
2022-04-19,13522.4501953125
2022-04-20,13660.650390625
2022-04-21,13821.2998046875
2022-04-22,13569.849609375
2022-04-25,13296.75
2022-04-26,13444.099609375
2022-04-27,13358.150390625
2022-04-28,13480.0
2022-04-29,13462.849609375
2022-05-02,13460.25
2022-05-04,13108.7998046875
2022-05-05,13008.5
2022-05-06,12820.900390625
2022-05-09,12785.0
2022-05-10,12596.2998046875
2022-05-11,12557.650390625
2022-05-12,12424.4501953125
2022-05-13,12629.5
2022-05-16,12608.25
2022-05-17,12745.9501953125
2022-05-18,12881.5498046875
2022-05-19,12600.849609375
2022-05-20,13065.5
2022-05-23,12889.2001953125
2022-05-24,12691.599609375
2022-05-25,12543.849609375
2022-05-26,12557.5
2022-05-27,12669.9501953125
2022-05-30,12671.150390625
2022-05-31,12604.4501953125
2022-06-01,12443.75
2022-06-02,12500.349609375
2022-06-03,12418.7998046875
2022-06-06,12412.400390625
2022-06-07,12279.650390625
2022-06-08,12317.7998046875
2022-06-09,12465.900390625
2022-06-10,12419.2001953125
2022-06-13,12191.849609375
2022-06-14,12218.5
2022-06-15,12261.349609375
2022-06-16,12066.650390625
2022-06-17,11803.9501953125
2022-06-20,11847.900390625
2022-06-21,12098.349609375
2022-06-22,11939.0498046875
2022-06-23,12127.2001953125
2022-06-24,12178.400390625
2022-06-27,12221.5498046875
2022-06-28,12214.5498046875
2022-06-29,12210.9501953125
2022-06-30,12159.349609375
2022-07-01,12260.900390625
2022-07-04,12218.2001953125
2022-07-05,12233.75
2022-07-06,12331.150390625
2022-07-07,12389.7001953125
2022-07-08,12449.4501953125
2022-07-11,12564.849609375
2022-07-12,12450.650390625
2022-07-13,12622.2998046875
2022-07-14,12721.0
2022-07-15,12732.0
2022-07-18,12713.4501953125
2022-07-19,12682.2001953125
2022-07-20,12711.5
2022-07-21,12651.75
2022-07-22,12617.5498046875
2022-07-25,12488.7998046875
2022-07-26,12341.900390625
2022-07-27,12628.9501953125
2022-07-28,12660.650390625
2022-07-29,12776.5498046875
2022-08-01,12766.849609375
2022-08-02,12780.400390625
2022-08-03,12682.0
2022-08-04,12982.349609375
2022-08-05,12939.75
2022-08-08,12940.25
2022-08-10,12950.7001953125
2022-08-11,13014.2001953125
2022-08-12,12864.0
2022-08-16,12933.849609375
2022-08-17,12979.25
2022-08-18,12935.75
2022-08-19,12799.9501953125
2022-08-22,12588.25
2022-08-23,12683.5498046875
2022-08-24,12644.0
2022-08-25,12593.25
2022-08-26,12580.4501953125
2022-08-29,12545.75
2022-08-30,12699.400390625
2022-09-01,12555.0
2022-09-02,12506.150390625
2022-09-05,12565.5498046875
2022-09-06,12598.0
2022-09-07,12696.2998046875
2022-09-08,12689.9501953125
2022-09-09,12689.2998046875
2022-09-12,12715.25
2022-09-13,12745.599609375
2022-09-14,12682.2001953125
2022-09-15,12518.849609375
2022-09-16,12346.849609375
2022-09-19,12369.599609375
2022-09-20,12750.7001953125
2022-09-21,12573.5498046875
2022-09-22,12612.849609375
2022-09-23,12610.650390625
2022-09-26,12475.5
2022-09-27,12598.0
2022-09-28,12705.400390625
2022-09-29,12874.2998046875
2022-09-30,12971.900390625
2022-10-03,13118.9501953125
2022-10-04,13233.4501953125
2022-10-06,13188.0
2022-10-07,13134.7001953125
2022-10-10,13028.400390625
2022-10-11,12826.7998046875
2022-10-12,12839.349609375
2022-10-13,12867.150390625
2022-10-14,12950.4501953125
2022-10-17,12982.400390625
2022-10-18,13008.25
2022-10-19,13021.75
2022-10-20,13089.2001953125
2022-10-21,12979.400390625
2022-10-24,13061.099609375
2022-10-25,13112.2001953125
2022-10-27,13228.0498046875
2022-10-28,13048.2998046875
2022-10-31,13212.25
2022-11-01,13492.0498046875
2022-11-02,13556.900390625
2022-11-03,13559.9501953125
2022-11-04,13422.150390625
2022-11-07,13230.0
2022-11-09,13079.5
2022-11-10,12983.099609375
2022-11-11,13015.650390625
2022-11-14,13019.849609375
2022-11-15,13036.900390625
2022-11-16,12998.5
2022-11-17,12948.25
2022-11-18,12861.400390625
2022-11-21,12794.599609375
2022-11-22,12836.349609375
2022-11-23,12876.9501953125
2022-11-24,12888.150390625
2022-11-25,12968.4501953125
2022-11-28,12993.9501953125
2022-11-29,13087.349609375
2022-11-30,13144.2001953125
2022-12-01,13120.650390625
2022-12-02,13086.9501953125
2022-12-05,13052.900390625
2022-12-06,12955.349609375
2022-12-07,12869.7998046875
2022-12-08,12728.7001953125
2022-12-09,12774.7001953125
2022-12-12,12758.0498046875
2022-12-13,12797.75
2022-12-14,12883.599609375
2022-12-15,12816.099609375
2022-12-16,12636.2001953125
2022-12-19,12646.4501953125
2022-12-20,12618.4501953125
2022-12-21,12920.400390625
2022-12-22,12892.75
2022-12-23,12784.4501953125
2022-12-26,12677.099609375
2022-12-27,12694.75
2022-12-28,12624.150390625
2022-12-29,12634.2998046875
2022-12-30,12597.599609375
2023-01-02,12551.400390625
2023-01-03,12641.75
2023-01-04,12622.75
2023-01-05,12753.2001953125
2023-01-06,12654.9501953125
2023-01-09,12770.599609375
2023-01-10,12766.599609375
2023-01-11,12682.25
2023-01-12,12671.4501953125
2023-01-13,12668.7998046875
2023-01-16,12659.400390625
2023-01-17,12648.0
2023-01-18,12734.5
2023-01-19,12699.0498046875
2023-01-20,12606.4501953125
2023-01-23,12718.4501953125
2023-01-24,12593.849609375
2023-01-25,12440.099609375
2023-01-27,12508.0498046875
2023-01-30,12484.0
2023-01-31,12360.25
2023-02-01,12355.7998046875
2023-02-02,12306.2998046875
2023-02-03,12184.599609375
2023-02-06,12193.099609375
2023-02-07,12191.400390625
2023-02-08,12357.2998046875
2023-02-09,12302.5
2023-02-10,12327.0
2023-02-13,12268.099609375
2023-02-14,12248.7998046875
2023-02-15,12237.099609375
2023-02-16,12298.599609375
2023-02-17,12154.0498046875
2023-02-20,12055.400390625
2023-02-21,12019.5
2023-02-22,11991.849609375
2023-02-23,11968.2001953125
2023-02-24,11996.2001953125
2023-02-27,11902.5
2023-02-28,11747.099609375
2023-03-01,11764.599609375
2023-03-02,11761.099609375
2023-03-03,11781.7998046875
2023-03-06,11807.900390625
2023-03-08,11750.150390625
2023-03-09,11700.400390625
2023-03-10,11683.9501953125
2023-03-13,11597.349609375
2023-03-14,11597.9501953125
2023-03-15,11633.9501953125
2023-03-16,11743.2001953125
2023-03-17,11676.150390625
2023-03-20,11663.2998046875
2023-03-21,11633.75
2023-03-22,11754.7001953125
2023-03-23,11780.849609375
2023-03-24,11755.349609375
2023-03-27,11882.75
2023-03-28,11873.2001953125
2023-03-29,11942.5
2023-03-31,12017.0498046875
2023-04-03,12067.9501953125
2023-04-05,12181.849609375
2023-04-06,12274.349609375
2023-04-10,12298.75
2023-04-11,12300.0
2023-04-12,12574.2001953125
2023-04-13,12478.900390625
2023-04-17,12403.599609375
2023-04-18,12607.349609375
2023-04-19,12625.2998046875
2023-04-20,12485.25
2023-04-21,12545.75
2023-04-24,12454.349609375
2023-04-25,12456.599609375
2023-04-26,12457.849609375
2023-04-27,12519.349609375
2023-04-28,12613.9501953125
2023-05-02,12590.2998046875
2023-05-03,12586.7998046875
2023-05-04,12654.650390625
2023-05-05,12608.349609375
2023-05-08,12663.099609375
2023-05-09,12716.7001953125
2023-05-10,12716.900390625
2023-05-11,12557.0498046875
2023-05-12,12486.7001953125
2023-05-15,12487.400390625
2023-05-16,12454.5
2023-05-17,12398.5498046875
2023-05-18,12241.349609375
2023-05-19,12124.25
2023-05-22,12244.2001953125
2023-05-23,12314.2001953125
2023-05-24,12440.4501953125
2023-05-25,12455.5
2023-05-26,12601.5498046875
2023-05-29,12624.2001953125
2023-05-30,12604.7001953125
2023-05-31,12678.400390625
2023-06-01,12812.7998046875
2023-06-02,12900.599609375
2023-06-05,12934.5
2023-06-06,13012.900390625
2023-06-07,13045.650390625
2023-06-08,12911.349609375
2023-06-09,12861.0498046875
2023-06-12,12856.0498046875
2023-06-13,12993.75
2023-06-14,12976.7998046875
2023-06-15,13160.599609375
2023-06-16,13241.9501953125
2023-06-19,13264.650390625
2023-06-20,13238.849609375
2023-06-21,13247.7001953125
2023-06-22,13166.849609375
2023-06-23,13186.2998046875
2023-06-26,13388.599609375
2023-06-27,13426.900390625
2023-06-28,13622.75
2023-06-30,13767.5
2023-07-03,13614.0
2023-07-04,13675.4501953125
2023-07-05,13772.0
2023-07-06,13871.599609375
2023-07-07,13769.0
2023-07-10,13751.7998046875
2023-07-11,13895.400390625
2023-07-12,13936.7001953125
2023-07-13,13876.5498046875
2023-07-14,13945.650390625
2023-07-17,14053.7001953125
2023-07-18,14017.150390625
2023-07-19,14092.599609375
2023-07-20,14299.0498046875
2023-07-21,14274.0
2023-07-24,14332.0498046875
2023-07-25,14383.25
2023-07-26,14478.349609375
2023-07-27,14919.9501953125
2023-07-28,14962.5498046875
2023-07-31,14992.150390625
2023-08-01,15001.2998046875
2023-08-02,14943.400390625
2023-08-03,15099.2001953125
2023-08-04,15241.0
2023-08-07,15479.25
2023-08-08,15578.5
2023-08-09,15696.849609375
2023-08-10,15580.7001953125
2023-08-11,15355.5
2023-08-14,15305.400390625
2023-08-16,15398.7998046875
2023-08-17,15358.4501953125
2023-08-18,15271.5
2023-08-21,15333.349609375
2023-08-22,15302.599609375
2023-08-23,15282.5
2023-08-24,15193.150390625
2023-08-25,15025.2001953125
2023-08-28,15161.7998046875
2023-08-29,15121.099609375
2023-08-30,15125.5
2023-08-31,15095.900390625
2023-09-01,15011.7998046875
2023-09-04,15052.599609375
2023-09-05,15218.25
2023-09-06,15355.2998046875
2023-09-07,15306.150390625
2023-09-08,15250.5498046875
2023-09-11,15309.9501953125
2023-09-12,15328.650390625
2023-09-13,15448.9501953125
2023-09-14,15489.2998046875
2023-09-15,15583.5498046875
2023-09-18,15503.4501953125
2023-09-20,15460.2001953125
2023-09-21,15306.7001953125
2023-09-22,15069.099609375
2023-09-25,15017.400390625
2023-09-26,14981.650390625
2023-09-27,15159.7998046875
2023-09-28,15023.150390625
2023-09-29,15422.75
2023-10-03,15281.2998046875
2023-10-04,15067.150390625
2023-10-05,15021.400390625
2023-10-06,15128.4501953125
2023-10-09,15103.849609375
2023-10-10,15106.7001953125
2023-10-11,15176.599609375
2023-10-12,15186.2001953125
2023-10-13,15235.0498046875
2023-10-16,15164.75
2023-10-17,15211.9501953125
2023-10-18,15331.2998046875
2023-10-19,15273.400390625
2023-10-20,15107.150390625
2023-10-23,14911.650390625
2023-10-25,14800.150390625
2023-10-26,14648.5498046875
2023-10-27,14738.5
2023-10-30,14775.599609375
2023-10-31,14683.650390625
2023-11-01,14735.25
2023-11-02,14834.4501953125
2023-11-03,14882.349609375
2023-11-06,15072.2998046875
2023-11-07,15271.75
2023-11-08,15497.25
2023-11-09,15491.849609375
2023-11-10,15516.5
2023-11-13,15497.150390625
2023-11-15,15516.25
2023-11-16,15651.099609375
2023-11-17,15804.5
2023-11-20,15806.75
2023-11-21,15968.900390625
2023-11-22,16069.7998046875
2023-11-23,15817.4501953125
2023-11-24,15954.5
2023-11-28,15900.2998046875
2023-11-29,15990.099609375
2023-11-30,16238.900390625
2023-12-01,16257.0498046875
2023-12-04,16228.400390625
2023-12-05,16229.650390625
2023-12-06,16169.5498046875
2023-12-07,16294.2001953125
2023-12-08,16163.150390625
2023-12-11,16039.900390625
2023-12-12,15963.5
2023-12-13,16142.400390625
2023-12-14,16155.7001953125
2023-12-15,16179.7998046875
2023-12-18,16332.150390625
2023-12-19,16391.25
2023-12-20,16121.25
2023-12-21,16238.150390625
2023-12-22,16394.349609375
2023-12-26,16562.599609375
2023-12-27,16655.94921875
2023-12-28,16860.849609375
2023-12-29,16831.80078125
2024-01-01,16858.75
2024-01-02,17274.30078125
2024-01-03,17379.80078125
2024-01-04,17413.19921875
2024-01-05,17358.599609375
2024-01-08,17195.94921875
2024-01-09,17346.30078125
2024-01-10,17401.900390625
2024-01-11,17380.55078125
2024-01-12,17347.44921875
2024-01-15,17520.44921875
2024-01-16,17320.150390625
2024-01-17,17154.0
2024-01-18,17331.25
2024-01-19,17388.0
2024-01-23,17520.30078125
2024-01-24,17763.69921875
2024-01-25,17532.55078125
2024-01-29,17623.599609375
2024-01-30,17470.150390625
2024-01-31,17938.650390625
2024-02-01,17839.19921875
2024-02-02,17972.099609375
2024-02-05,18292.94921875
2024-02-06,18488.05078125
2024-02-07,18564.849609375
2024-02-08,18520.30078125
2024-02-09,18617.099609375
2024-02-12,18669.55078125
2024-02-13,18753.94921875
2024-02-14,18584.349609375
2024-02-15,18567.69921875
2024-02-16,18870.80078125
2024-02-19,19037.69921875
2024-02-20,18993.0
2024-02-21,18916.44921875
2024-02-22,18969.44921875
2024-02-23,19048.400390625
2024-02-26,18956.44921875
2024-02-27,19064.19921875
2024-02-28,18942.55078125
2024-02-29,19003.150390625
2024-03-01,18822.30078125
2024-03-04,18960.19921875
2024-03-05,19018.5
2024-03-06,19140.0
2024-03-07,19194.099609375
2024-03-11,19202.05078125
2024-03-12,18958.69921875
2024-03-13,18635.69921875
2024-03-14,18897.099609375
2024-03-15,18718.44921875
2024-03-18,18814.349609375
2024-03-19,18405.650390625
2024-03-20,18361.400390625
2024-03-21,18582.599609375
2024-03-22,18815.599609375
2024-03-26,18809.44921875
2024-03-27,18768.400390625
2024-03-28,18996.150390625
2024-04-01,19207.900390625
2024-04-02,19185.150390625
2024-04-03,19153.05078125
2024-04-04,19125.19921875
2024-04-05,19160.75
2024-04-08,19218.849609375
2024-04-09,19182.30078125
2024-04-10,19117.0
2024-04-12,18788.650390625
2024-04-15,18617.650390625
2024-04-16,18695.599609375
2024-04-18,18525.75
2024-04-19,18404.599609375
2024-04-22,18643.0
2024-04-23,18463.75
2024-04-24,18586.19921875
2024-04-25,18878.150390625
2024-04-26,18994.650390625
2024-04-29,19096.900390625
2024-04-30,18970.599609375
2024-05-02,19124.44921875
2024-05-03,19133.400390625
2024-05-06,19203.30078125
2024-05-07,18846.30078125
2024-05-08,18850.849609375
2024-05-09,18437.05078125
2024-05-10,18609.44921875
2024-05-13,18939.0
2024-05-14,18860.849609375
2024-05-15,18886.55078125
2024-05-16,18996.150390625
2024-05-17,18981.599609375
2024-05-21,19205.19921875
2024-05-22,19317.400390625
2024-05-23,19216.349609375
2024-05-24,19119.5
2024-05-27,19111.94921875
2024-05-28,19215.75
2024-05-29,19321.349609375
2024-05-30,18971.0
2024-05-31,18796.30078125
2024-06-03,18864.150390625
2024-06-04,18603.150390625
2024-06-05,19281.25
2024-06-06,19232.099609375
2024-06-07,19578.0
2024-06-10,19774.69921875
2024-06-11,19689.69921875
2024-06-12,19739.099609375
2024-06-13,19838.5
2024-06-14,19895.650390625
2024-06-18,19826.650390625
2024-06-19,19644.5
2024-06-20,19544.55078125
2024-06-21,19528.400390625
2024-06-24,19521.150390625
2024-06-25,19532.30078125
2024-06-26,19545.349609375
2024-06-27,19514.80078125
2024-06-28,19731.55078125
2024-07-01,19758.25
2024-07-02,19786.400390625
2024-07-03,19915.30078125
2024-07-04,20192.599609375
2024-07-05,20453.849609375
2024-07-08,20325.80078125
2024-07-09,20645.80078125
2024-07-10,20725.94921875
2024-07-11,20601.69921875
2024-07-12,20612.650390625
2024-07-15,20844.55078125
2024-07-16,20765.44921875
2024-07-18,20768.349609375
2024-07-19,20425.400390625
2024-07-22,20641.55078125
2024-07-23,20755.349609375
2024-07-24,20908.5
2024-07-25,21105.5
2024-07-26,21603.099609375
2024-07-29,21674.94921875
2024-07-30,21540.80078125
2024-07-31,21777.150390625
2024-08-01,21790.349609375
2024-08-02,21902.849609375
2024-08-05,21583.05078125
2024-08-06,21562.55078125
2024-08-07,22036.94921875
2024-08-08,22114.25
2024-08-09,22209.55078125
2024-08-12,22205.599609375
2024-08-13,22191.599609375
2024-08-14,22012.69921875
2024-08-16,22106.5
2024-08-19,22237.849609375
2024-08-20,22374.25
2024-08-21,22577.900390625
2024-08-22,22546.099609375
2024-08-23,22527.849609375
2024-08-26,22554.94921875
2024-08-27,22729.0
2024-08-28,22989.099609375
2024-08-29,22878.05078125
2024-08-30,23217.599609375
2024-09-02,22987.44921875
2024-09-03,23014.30078125
2024-09-04,23184.400390625
2024-09-05,23156.69921875
2024-09-06,23043.400390625
2024-09-09,23009.400390625
2024-09-10,23256.849609375
2024-09-11,23220.400390625
2024-09-12,23429.599609375
2024-09-13,23457.650390625
2024-09-16,23448.75
2024-09-17,23383.650390625
2024-09-18,23025.19921875
2024-09-19,22930.150390625
2024-09-20,23005.25
2024-09-23,23134.25
2024-09-24,23188.400390625
2024-09-25,23249.0
2024-09-26,23250.900390625
2024-09-27,23519.099609375
2024-09-30,23281.19921875
2024-10-01,23296.55078125
2024-10-03,23178.75
2024-10-04,23094.69921875
2024-10-07,22977.80078125
2024-10-08,23307.94921875
2024-10-09,23783.80078125
2024-10-10,23305.150390625
2024-10-11,23582.25
2024-10-14,23680.0
2024-10-15,23555.69921875
2024-10-16,23467.349609375
2024-10-17,23254.0
2024-10-18,23356.19921875
2024-10-21,23122.69921875
2024-10-22,22828.19921875
2024-10-23,22471.599609375
2024-10-24,22570.80078125
2024-10-25,22574.55078125
2024-10-28,22857.25
2024-10-29,22601.400390625
2024-10-30,22374.94921875
2024-10-31,22735.55078125
2024-11-01,22807.150390625
2024-11-04,22638.30078125
2024-11-05,22661.25
2024-11-06,22920.349609375
2024-11-07,22526.94921875
2024-11-08,22542.25
2024-11-11,22344.25
2024-11-12,22151.599609375
2024-11-13,21809.30078125
2024-11-14,21752.0
2024-11-18,21544.150390625
2024-11-19,21768.849609375
2024-11-21,21740.099609375
2024-11-22,21962.05078125
2024-11-25,22177.05078125
2024-11-26,21961.75
2024-11-27,21828.599609375
2024-11-28,21728.599609375
2024-11-29,22240.19921875
2024-12-02,22450.19921875
2024-12-03,22445.69921875
2024-12-04,22422.900390625
2024-12-05,22463.400390625
2024-12-06,22434.75
2024-12-09,22309.099609375
2024-12-10,22291.44921875
2024-12-11,22302.599609375
2024-12-12,22229.30078125
2024-12-13,22157.349609375
2024-12-16,22255.55078125
2024-12-17,22074.55078125
2024-12-18,22314.55078125
2024-12-19,22697.900390625
2024-12-20,22501.849609375
2024-12-23,22572.05078125
2024-12-24,22558.900390625
2024-12-26,22712.55078125
2024-12-27,23008.349609375
2024-12-30,23241.150390625
2024-12-31,23412.25
2025-01-01,23459.75
2025-01-02,23553.400390625
2025-01-03,23263.5
2025-01-06,23073.05078125
2025-01-07,23228.55078125
2025-01-08,23011.099609375
2025-01-09,22868.099609375
2025-01-10,22380.849609375
2025-01-13,21903.349609375
2025-01-14,22203.900390625
2025-01-15,21972.69921875
2025-01-16,21909.75
2025-01-17,22061.69921875
2025-01-20,22182.400390625
2025-01-21,21882.900390625
2025-01-22,22034.94921875
2025-01-23,22343.30078125
2025-01-24,21872.400390625
2025-01-27,21292.30078125
2025-01-28,20796.599609375
2025-01-29,21163.900390625
2025-01-30,21419.650390625
2025-01-31,21438.599609375
2025-02-03,21361.599609375
2025-02-04,21733.94921875
2025-02-05,21868.5
2025-02-06,22009.05078125
2025-02-07,22077.0
2025-02-10,21665.650390625
2025-02-11,21249.5
2025-02-12,21142.05078125
2025-02-13,21427.099609375
2025-02-14,20811.55078125
2025-02-17,21076.0
2025-02-18,20969.19921875
2025-02-19,20820.0
2025-02-20,20785.75
2025-02-21,20385.650390625
2025-02-24,20389.69921875
2025-02-25,20249.150390625
2025-02-27,20201.25
2025-02-28,19813.5
2025-03-03,19879.80078125
2025-03-04,19820.650390625
2025-03-05,20126.80078125
2025-03-06,20423.349609375
2025-03-07,20378.30078125
2025-03-10,20256.55078125
2025-03-11,20332.099609375
2025-03-12,20424.0
2025-03-13,20386.849609375
2025-03-17,20703.94921875
2025-03-18,21041.30078125
2025-03-19,21145.650390625
2025-03-20,21340.599609375
2025-03-21,21625.900390625
2025-03-24,21771.150390625
2025-03-25,21542.5
2025-03-26,21360.599609375
2025-03-27,21275.150390625
2025-03-28,21137.44921875
2025-04-01,20771.80078125
2025-04-02,20952.849609375
2025-04-03,21423.55078125
2025-04-04,20560.0
2025-04-07,19995.5
2025-04-08,20377.900390625
2025-04-09,19976.30078125
2025-04-11,20461.900390625
2025-04-15,20912.19921875
2025-04-16,20874.30078125
2025-04-17,21126.75
2025-04-21,21351.05078125
2025-04-22,21438.05078125
2025-04-23,21738.94921875
2025-04-24,21974.599609375
2025-04-25,21482.55078125
2025-04-28,21908.099609375
2025-04-29,21676.650390625
2025-04-30,21772.44921875
2025-05-02,21627.44921875
2025-05-05,21775.75
2025-05-06,21534.349609375
2025-05-07,21462.44921875
2025-05-08,21115.05078125
2025-05-09,21071.75
2025-05-12,21102.69921875
2025-05-13,21359.75
2025-05-14,21480.5
2025-05-15,21650.650390625
2025-05-16,21633.19921875
2025-05-19,21740.44921875
2025-05-20,21456.150390625
2025-05-21,21723.650390625
2025-05-22,21521.75
2025-05-23,21434.25
2025-05-26,21501.80078125
2025-05-27,21524.94921875
2025-05-28,21393.30078125
2025-05-29,21589.349609375
2025-05-30,21442.05078125
2025-06-02,21394.099609375
2025-06-03,21354.19921875
2025-06-04,21371.69921875
2025-06-05,21644.19921875
2025-06-06,21684.400390625
2025-06-09,21826.80078125
2025-06-10,21948.0
2025-06-11,22057.150390625
2025-06-12,22036.150390625
2025-06-13,21985.150390625
2025-06-16,22039.44921875
2025-06-17,21622.80078125
2025-06-18,21588.400390625
2025-06-19,21441.849609375
2025-06-20,21613.0
2025-06-23,21626.19921875
2025-06-24,21672.099609375
2025-06-25,21804.80078125
2025-06-26,21808.19921875
2025-06-27,21928.599609375
2025-06-30,22038.69921875
2025-07-01,22041.25
2025-07-02,22110.80078125
2025-07-03,22204.25
2025-07-04,22384.599609375
2025-07-07,22365.05078125
2025-07-08,22165.900390625
2025-07-09,22208.5
2025-07-10,22076.80078125
2025-07-11,22225.900390625
2025-07-14,22410.349609375
2025-07-15,22665.69921875
2025-07-16,22593.900390625
2025-07-17,22680.349609375
2025-07-18,22592.75
2025-07-21,22531.849609375
2025-07-22,22307.19921875
2025-07-23,22417.44921875
2025-07-24,22541.05078125
2025-07-25,22662.69921875
2025-07-28,22761.150390625
2025-07-29,23072.44921875
2025-07-30,23073.900390625
2025-07-31,22771.05078125
2025-08-01,22011.69921875
2025-08-04,22153.80078125
2025-08-05,21970.150390625
2025-08-06,21523.75
2025-08-07,21684.80078125
2025-08-08,21402.150390625
2025-08-11,21604.650390625
2025-08-12,21753.5
2025-08-13,22130.30078125
2025-08-14,22151.849609375
2025-08-18,22141.150390625
2025-08-19,22066.75
2025-08-20,21969.5
2025-08-21,22177.69921875
2025-08-22,22265.0
2025-08-25,22362.80078125
2025-08-26,21990.0
2025-08-28,21808.349609375
2025-08-29,21804.05078125
2025-09-01,21778.849609375
2025-09-02,21719.94921875
2025-09-03,21959.599609375
2025-09-04,21915.400390625
2025-09-05,21924.80078125
2025-09-08,21865.19921875
2025-09-09,22052.650390625
2025-09-10,22122.05078125
2025-09-11,22224.0
2025-09-12,22341.19921875
2025-09-15,22198.69921875
2025-09-16,22264.55078125
2025-09-17,22241.349609375
2025-09-18,22574.349609375
2025-09-19,22686.599609375
2025-09-22,22365.75
2025-09-23,22299.099609375
2025-09-24,22180.69921875
2025-09-25,21977.69921875
2025-09-26,21507.19921875
2025-09-29,21475.30078125
2025-09-30,21454.25
2025-10-01,21733.5
2025-10-03,21756.349609375
2025-10-06,21779.849609375
2025-10-07,21875.30078125
2025-10-08,21707.349609375
2025-10-09,21936.19921875
2025-10-10,22218.25
2025-10-13,22205.099609375
2025-10-14,22039.25
2025-10-15,22057.30078125
2025-10-16,22103.19921875
2025-10-17,22253.75
2025-10-20,22439.900390625
2025-10-21,22515.69921875
2025-10-23,22481.25
2025-10-24,22357.349609375
2025-10-27,22310.400390625
2025-10-28,22250.900390625
2025-10-29,22430.69921875
2025-10-30,22298.19921875
2025-10-31,22175.400390625
2025-11-03,22442.599609375
2025-11-04,22334.44921875
2025-11-06,22250.55078125
2025-11-07,22169.80078125
2025-11-10,22379.849609375
2025-11-11,22369.599609375
2025-11-12,22593.400390625
2025-11-13,22686.80078125
2025-11-14,22821.05078125
2025-11-17,22867.599609375
2025-11-18,22713.650390625
2025-11-19,22727.650390625
2025-11-20,22687.55078125
2025-11-21,22580.94921875
2025-11-24,22492.44921875
2025-11-25,22590.94921875
2025-11-26,22862.349609375
2025-11-27,22863.0
2025-11-28,22998.30078125
2025-12-01,22887.75
2025-12-02,22905.0
2025-12-03,22907.849609375
2025-12-04,22958.94921875
2025-12-05,22947.150390625
2025-12-08,22640.69921875
2025-12-09,22522.849609375
2025-12-10,22561.5
2025-12-11,22783.44921875
2025-12-12,22808.69921875
2025-12-15,22719.400390625
2025-12-16,22591.5
2025-12-17,22612.150390625
2025-12-18,22557.599609375
2025-12-19,22751.25
2025-12-22,22927.900390625
2025-12-23,22875.099609375
2025-12-24,22757.400390625
2025-12-26,22684.650390625
2025-12-29,22578.30078125
2025-12-30,22540.05078125
2025-12-31,22723.650390625
2026-01-02,22790.900390625
2026-01-05,22743.400390625
2026-01-06,23126.849609375
2026-01-07,23286.25
2026-01-08,22962.55078125
2026-01-09,22761.0
2026-01-12,22668.44921875
2026-01-13,22562.30078125
2026-01-14,22505.400390625
2026-01-16,22217.05078125
2026-01-19,22136.25
2026-01-20,21714.30078125
2026-01-21,21584.400390625
2026-01-22,21928.0
2026-01-23,21722.25
2026-01-27,21788.44921875
2026-01-28,21739.849609375
2026-01-29,21564.0
2026-01-30,21715.099609375
2026-02-02,21549.55078125
2026-02-03,22200.25
2026-02-04,22125.80078125
2026-02-05,22119.900390625
2026-02-06,21961.349609375
2026-02-09,22290.69921875
2026-02-10,22210.5
2026-02-11,22434.19921875
2026-02-12,22386.30078125
2026-02-13,22194.900390625
2026-02-16,22403.150390625
2026-02-17,22494.900390625
2026-02-18,22541.94921875
2026-02-19,22429.099609375
2026-02-20,22452.400390625
2026-02-23,22578.55078125
2026-02-24,22632.05078125
2026-02-25,23051.849609375
2026-02-26,23301.650390625
2026-02-27,22952.349609375
2026-03-02,22956.69921875
2026-03-04,22672.19921875
2026-03-05,23005.5
2026-03-06,22970.19921875
2026-03-09,22933.75
2026-03-10,23253.650390625
2026-03-11,23348.05078125
2026-03-12,23275.19921875
2026-03-13,22832.19921875
2026-03-16,22547.19921875
2026-03-17,22597.55078125
2026-03-18,22632.599609375
2026-03-19,22101.650390625
2026-03-20,22540.69921875
2026-03-23,22053.099609375
2026-03-24,22239.80078125
2026-03-25,22679.75
2026-03-27,22565.599609375
2026-03-30,22232.25
2026-04-01,22011.599609375
2026-04-02,21808.400390625
2026-04-06,21835.349609375
2026-04-07,21868.69921875
2026-04-08,21991.19921875
2026-04-09,22135.400390625
2026-04-10,22164.849609375
2026-04-13,22100.099609375
2026-04-15,22435.650390625
2026-04-16,22465.0
2026-04-17,22497.25
2026-04-20,22456.75
2026-04-21,22438.44921875
2026-04-22,22455.44921875
2026-04-23,22986.349609375
2026-04-24,22580.099609375
2026-04-27,23171.849609375
2026-04-28,23158.150390625
2026-04-29,23260.849609375
2026-04-30,23267.69921875
2026-05-04,23475.55078125
2026-05-05,23568.94921875
2026-05-06,24110.30078125
2026-05-07,24135.5
2026-05-08,24110.30078125
2026-05-11,24170.44921875
2026-05-12,23840.900390625
2026-05-13,23896.05078125
2026-05-14,24551.05078125
2026-05-15,24634.80078125
2026-05-18,24762.849609375
2026-05-19,24867.400390625
2026-05-20,24843.150390625
2026-05-21,24890.900390625
2026-05-22,24573.94921875
2026-05-25,24674.69921875
2026-05-26,24659.19921875
2026-05-27,24716.0
2026-05-29,24345.80078125
2026-06-01,24214.25
2026-06-02,24006.30078125
2026-06-03,24086.599609375
2026-06-04,24177.94921875
2026-06-05,24248.05078125
2026-06-08,24147.650390625
2026-06-09,24290.30078125
2026-06-10,24160.75
2026-06-11,24306.94921875
2026-06-12,24380.05078125
2026-06-15,24220.099609375
2026-06-16,24157.849609375
2026-06-17,24146.55078125
2026-06-18,24282.19921875
2026-06-19,24460.30078125
2026-06-22,24762.900390625
2026-06-23,24989.94921875
2026-06-24,25018.94921875
2026-06-25,24969.5
2026-06-29,25227.900390625
2026-06-30,25326.400390625
2026-07-01,25182.69921875
2026-07-02,25308.900390625
2026-07-03,25745.150390625
2026-07-06,25866.25
2026-07-07,25677.69921875
2026-07-08,25429.80078125
2026-07-09,25656.25
2026-07-10,25674.099609375
2026-07-13,25643.349609375
2026-07-14,25907.099609375
2026-07-15,26003.599609375
2026-07-16,26008.05078125
2026-07-17,25645.0
2026-07-20,26003.150390625
2026-07-21,26092.849609375
2026-07-22,25752.25
2026-07-23,25653.55078125
2026-07-24,25548.150390625
2026-07-27,25945.75
2026-07-28,25998.849609375
2026-07-29,26373.349609375
2026-07-30,26346.05078125
2026-07-31,26534.80078125
2026-08-03,26662.80078125
2026-08-04,26597.5
2026-08-05,26563.55078125
2026-08-06,26564.80078125
2026-08-07,26541.80078125
2026-08-10,26479.55078125
2026-08-11,26750.44921875
2026-08-12,26762.5
2026-08-13,26686.80078125
2026-08-14,26445.55078125
2026-08-17,26341.55078125
2026-08-18,26361.900390625
2026-08-19,26313.80078125
2026-08-20,26416.0
2026-08-21,26359.75
2026-08-24,26339.30078125
2026-08-25,26564.0
2026-08-26,26626.30078125
2026-08-27,26848.75
2026-08-28,26991.849609375
2026-08-31,27186.44921875
2026-09-01,26792.650390625
2026-09-02,26780.69921875
2026-09-03,26658.650390625
2026-09-04,26478.099609375
2026-09-07,26675.5
2026-09-08,26880.80078125
2026-09-09,26691.80078125
2026-09-10,26555.849609375
2026-09-11,26532.400390625
2026-09-15,26188.400390625
2026-09-16,26146.19921875
2026-09-17,26579.25
2026-09-18,26710.099609375
2026-09-21,27021.150390625
2026-09-22,26909.599609375
2026-09-23,27152.099609375
2026-09-24,27028.69921875
2026-09-25,27003.0
