date,adjclose
2011-10-10,15.075
2011-10-11,15.046
2011-10-12,15.338
2011-10-13,15.14
2011-10-14,15.365
2011-10-17,15.392
2011-10-18,15.2
2011-10-19,15.009
2011-10-20,14.778
2011-10-21,14.956
2011-10-24,15.282
2011-10-25,15.449
2011-10-26,15.795
2011-10-27,16.211
2011-10-28,16.284
2011-10-31,15.843
2011-11-01,15.724
2011-11-02,15.825
2011-11-03,16.221
2011-11-04,16.182
2011-11-07,16.407
2011-11-08,16.413
2011-11-09,16.116
2011-11-10,16.035
2011-11-11,16.252
2011-11-14,16.246
2011-11-15,16.203
2011-11-16,16.013
2011-11-17,15.668
2011-11-18,15.702
2011-11-21,15.302
2011-11-22,15.514
2011-11-23,15.31
2011-11-25,15.121
2011-11-28,15.245
2011-11-29,15.179
2011-11-30,15.39
2011-12-01,15.44
2011-12-02,15.279
2011-12-05,15.077
2011-12-06,15.094
2011-12-07,15.085
2011-12-08,14.76
2011-12-09,14.982
2011-12-12,14.688
2011-12-13,14.546
2011-12-14,14.016
2011-12-15,13.902
2011-12-16,14.026
2011-12-19,13.904
2011-12-20,14.136
2011-12-21,14.141
2011-12-22,14.064
2011-12-23,14.1
2011-12-27,14.158
2011-12-28,13.686
2011-12-29,13.545
2011-12-30,13.782
2012-01-03,14.153
2012-01-04,14.054
2012-01-05,13.983
2012-01-06,13.856
2012-01-09,14.116
2012-01-10,14.462
2012-01-11,14.757
2012-01-12,14.798
2012-01-13,14.72
2012-01-17,15.032
2012-01-18,15.054
2012-01-19,15.031
2012-01-20,15.169
2012-01-23,15.448
2012-01-24,15.288
2012-01-25,15.641
2012-01-26,15.902
2012-01-27,16.015
2012-01-30,15.91
2012-01-31,15.686
2012-02-01,15.974
2012-02-02,16.078
2012-02-03,16.001
2012-02-06,16.06
2012-02-07,16.305
2012-02-08,16.45
2012-02-09,16.345
2012-02-10,16.38
2012-02-13,16.293
2012-02-14,16.099
2012-02-15,16.134
2012-02-16,16.037
2012-02-17,16.112
2012-02-21,16.654
2012-02-22,17.03
2012-02-23,17.032
2012-02-24,16.906
2012-02-27,16.849
2012-02-28,16.974
2012-02-29,16.562
2012-03-01,16.792
2012-03-02,16.742
2012-03-05,16.366
2012-03-06,15.934
2012-03-07,16.094
2012-03-08,16.356
2012-03-09,16.63
2012-03-12,16.718
2012-03-13,16.652
2012-03-14,16.483
2012-03-15,16.59
2012-03-16,16.498
2012-03-19,16.578
2012-03-20,16.315
2012-03-21,16.168
2012-03-22,15.974
2012-03-23,16.044
2012-03-26,16.263
2012-03-27,16.315
2012-03-28,16.135
2012-03-29,16.057
2012-03-30,16.172
2012-04-02,16.297
2012-04-03,16.204
2012-04-04,15.775
2012-04-05,15.818
2012-04-09,15.904
2012-04-10,15.75
2012-04-11,15.609
2012-04-12,15.807
2012-04-13,15.614
2012-04-16,15.534
2012-04-17,15.614
2012-04-18,15.534
2012-04-19,15.568
2012-04-20,15.582
2012-04-23,15.373
2012-04-24,15.236
2012-04-25,15.326
2012-04-26,15.462
2012-04-27,15.506
2012-04-30,15.455
2012-05-01,15.498
2012-05-02,15.41
2012-05-03,15.103
2012-05-04,15.064
2012-05-07,15.07
2012-05-08,14.906
2012-05-09,14.768
2012-05-10,14.659
2012-05-11,14.443
2012-05-14,14.184
2012-05-15,14.125
2012-05-16,14.096
2012-05-17,14.31
2012-05-18,14.342
2012-05-21,14.498
2012-05-22,14.259
2012-05-23,14.05
2012-05-24,13.988
2012-05-25,14.107
2012-05-29,14.07
2012-05-30,13.822
2012-05-31,13.954
2012-06-01,14.217
2012-06-04,14.116
2012-06-05,14.184
2012-06-06,14.427
2012-06-07,14.212
2012-06-08,14.133
2012-06-11,14.249
2012-06-12,14.353
2012-06-13,14.429
2012-06-14,14.742
2012-06-15,14.639
2012-06-18,14.631
2012-06-19,14.592
2012-06-20,14.344
2012-06-21,14.168
2012-06-22,14.142
2012-06-25,14.188
2012-06-26,14.059
2012-06-27,13.888
2012-06-28,13.679
2012-06-29,14.266
2012-07-02,14.334
2012-07-03,14.646
2012-07-05,14.514
2012-07-06,14.209
2012-07-09,14.22
2012-07-10,14.02
2012-07-11,14.042
2012-07-12,13.954
2012-07-13,14.07
2012-07-16,13.968
2012-07-17,13.936
2012-07-18,13.887
2012-07-19,13.978
2012-07-20,13.938
2012-07-23,13.793
2012-07-24,13.65
2012-07-25,13.778
2012-07-26,13.841
2012-07-27,13.902
2012-07-30,13.95
2012-07-31,13.946
2012-08-01,13.774
2012-08-02,13.637
2012-08-03,13.807
2012-08-06,13.821
2012-08-07,13.891
2012-08-08,13.884
2012-08-09,13.92
2012-08-10,13.798
2012-08-13,13.656
2012-08-14,13.744
2012-08-15,13.731
2012-08-16,14.214
2012-08-17,14.528
2012-08-20,14.698
2012-08-21,14.83
2012-08-22,15.136
2012-08-23,15.16
2012-08-24,15.242
2012-08-27,15.178
2012-08-28,14.93
2012-08-29,14.92
2012-08-30,14.851
2012-08-31,15.152
2012-09-04,15.434
2012-09-05,15.458
2012-09-06,15.595
2012-09-07,15.681
2012-09-10,15.656
2012-09-11,15.789
2012-09-12,16.234
2012-09-13,16.566
2012-09-14,16.799
2012-09-17,16.37
2012-09-18,15.982
2012-09-19,16.118
2012-09-20,15.991
2012-09-21,16.083
2012-09-24,15.964
2012-09-25,16.012
2012-09-26,16.068
2012-09-27,16.233
2012-09-28,16.338
2012-10-01,16.529
2012-10-02,16.507
2012-10-03,16.616
2012-10-04,16.922
2012-10-05,16.759
2012-10-08,16.654
2012-10-09,16.602
2012-10-10,16.45
2012-10-11,16.52
2012-10-12,16.251
2012-10-15,16.115
2012-10-16,16.176
2012-10-17,16.378
2012-10-18,16.12
2012-10-19,15.919
2012-10-22,15.808
2012-10-23,15.449
2012-10-24,15.302
2012-10-25,15.418
2012-10-26,15.208
2012-10-31,15.445
2012-11-01,15.433
2012-11-02,15.19
2012-11-05,15.181
2012-11-06,15.276
2012-11-07,15.151
2012-11-08,15.206
2012-11-09,15.317
2012-11-12,15.389
2012-11-13,15.57
2012-11-14,15.602
2012-11-15,15.433
2012-11-16,15.306
2012-11-19,15.525
2012-11-20,15.469
2012-11-21,15.526
2012-11-23,15.963
2012-11-26,15.868
2012-11-27,15.849
2012-11-28,15.784
2012-11-29,15.83
2012-11-30,15.744
2012-12-03,15.799
2012-12-04,15.599
2012-12-05,15.56
2012-12-06,15.718
2012-12-07,15.804
2012-12-10,15.952
2012-12-11,16.073
2012-12-12,16.061
2012-12-13,15.87
2012-12-14,15.9
2012-12-17,15.802
2012-12-18,15.671
2012-12-19,15.628
2012-12-20,15.24
2012-12-21,15.134
2012-12-24,15.086
2012-12-26,15.108
2012-12-27,15.079
2012-12-28,14.953
2012-12-31,15.136
2013-01-02,15.37
2013-01-03,15.364
2013-01-04,15.35
2013-01-07,15.286
2013-01-08,15.535
2013-01-09,15.726
2013-01-10,15.986
2013-01-11,16.018
2013-01-14,16.299
2013-01-15,16.548
2013-01-16,16.564
2013-01-17,16.636
2013-01-18,16.364
2013-01-22,16.654
2013-01-23,16.583
2013-01-24,16.526
2013-01-25,16.655
2013-01-28,16.338
2013-01-29,16.482
2013-01-30,16.547
2013-01-31,16.49
2013-02-01,16.568
2013-02-04,16.662
2013-02-05,16.786
2013-02-06,17.058
2013-02-07,16.888
2013-02-08,16.853
2013-02-11,16.589
2013-02-12,16.868
2013-02-13,16.904
2013-02-14,16.796
2013-02-15,16.462
2013-02-19,16.606
2013-02-20,16.162
2013-02-21,15.84
2013-02-22,15.793
2013-02-25,15.744
2013-02-26,15.917
2013-02-27,15.71
2013-02-28,15.551
2013-03-01,15.45
2013-03-04,15.402
2013-03-05,15.59
2013-03-06,15.57
2013-03-07,15.631
2013-03-08,15.734
2013-03-11,15.728
2013-03-12,15.666
2013-03-13,15.602
2013-03-14,15.607
2013-03-15,15.616
2013-03-18,15.5
2013-03-19,15.306
2013-03-20,15.478
2013-03-21,15.506
2013-03-22,15.534
2013-03-25,15.552
2013-03-26,15.44
2013-03-27,15.536
2013-03-28,15.423
2013-04-01,15.645
2013-04-02,15.434
2013-04-03,15.12
2013-04-04,14.931
2013-04-05,15.055
2013-04-08,15.048
2013-04-09,15.208
2013-04-10,14.98
2013-04-11,15.046
2013-04-12,14.616
2013-04-15,13.762
2013-04-16,14.213
2013-04-17,13.968
2013-04-18,14.0
2013-04-19,13.998
2013-04-22,14.068
2013-04-23,13.877
2013-04-24,14.038
2013-04-25,14.374
2013-04-26,14.484
2013-04-29,14.808
2013-04-30,14.749
2013-05-01,14.486
2013-05-02,14.699
2013-05-03,14.702
2013-05-06,14.768
2013-05-07,14.525
2013-05-08,14.732
2013-05-09,14.758
2013-05-10,14.61
2013-05-13,14.504
2013-05-14,14.74
2013-05-15,14.58
2013-05-16,14.552
2013-05-17,14.266
2013-05-20,14.64
2013-05-21,14.338
2013-05-22,14.377
2013-05-23,14.345
2013-05-24,14.248
2013-05-28,14.312
2013-05-29,14.278
2013-05-30,14.556
2013-05-31,14.25
2013-06-03,14.694
2013-06-04,14.648
2013-06-05,14.842
2013-06-06,14.996
2013-06-07,14.694
2013-06-10,14.75
2013-06-11,14.507
2013-06-12,14.498
2013-06-13,14.255
2013-06-14,14.169
2013-06-17,14.051
2013-06-18,14.137
2013-06-19,13.901
2013-06-20,13.316
2013-06-21,13.477
2013-06-24,13.083
2013-06-25,13.222
2013-06-26,12.754
2013-06-27,12.88
2013-06-28,13.108
2013-07-01,13.454
2013-07-02,13.379
2013-07-03,13.141
2013-07-05,13.012
2013-07-08,13.339
2013-07-09,13.366
2013-07-10,13.369
2013-07-11,13.803
2013-07-12,13.796
2013-07-15,13.938
2013-07-16,13.944
2013-07-17,13.772
2013-07-18,13.852
2013-07-19,13.956
2013-07-22,14.127
2013-07-23,14.174
2013-07-24,14.154
2013-07-25,14.146
2013-07-26,13.976
2013-07-29,14.097
2013-07-30,14.06
2013-07-31,14.049
2013-08-01,14.078
2013-08-02,14.155
2013-08-05,14.201
2013-08-06,13.968
2013-08-07,14.052
2013-08-08,14.525
2013-08-09,14.665
2013-08-12,14.639
2013-08-13,14.661
2013-08-14,14.726
2013-08-15,14.901
2013-08-16,14.932
2013-08-19,14.743
2013-08-20,14.856
2013-08-21,14.866
2013-08-22,15.064
2013-08-23,15.036
2013-08-26,15.137
2013-08-27,14.927
2013-08-28,15.023
2013-08-29,14.875
2013-08-30,14.862
2013-09-03,15.03
2013-09-04,14.644
2013-09-05,14.522
2013-09-06,14.613
2013-09-09,14.5
2013-09-10,14.396
2013-09-11,14.415
2013-09-12,14.076
2013-09-13,14.182
2013-09-16,14.027
2013-09-17,13.906
2013-09-18,14.366
2013-09-19,14.295
2013-09-20,13.984
2013-09-23,13.9
2013-09-24,13.956
2013-09-25,13.956
2013-09-26,13.799
2013-09-27,13.887
2013-09-30,13.732
2013-10-01,13.562
2013-10-02,13.599
2013-10-03,13.434
2013-10-04,13.58
2013-10-07,13.715
2013-10-08,13.711
2013-10-09,13.506
2013-10-10,13.553
2013-10-11,13.408
2013-10-14,13.47
2013-10-15,13.535
2013-10-16,13.656
2013-10-17,14.055
2013-10-18,14.053
2013-10-21,14.05
2013-10-22,14.172
2013-10-23,14.038
2013-10-24,14.191
2013-10-25,14.22
2013-10-28,14.37
2013-10-29,14.279
2013-10-30,14.403
2013-10-31,14.164
2013-11-01,14.211
2013-11-04,14.196
2013-11-05,14.174
2013-11-06,14.302
2013-11-07,14.221
2013-11-08,14.099
2013-11-11,13.99
2013-11-12,13.996
2013-11-13,14.019
2013-11-14,14.135
2013-11-15,14.066
2013-11-18,13.786
2013-11-19,13.857
2013-11-20,13.617
2013-11-21,13.613
2013-11-22,13.523
2013-11-25,13.525
2013-11-26,13.426
2013-11-27,13.214
2013-11-29,13.348
2013-12-02,13.102
2013-12-03,13.273
2013-12-04,13.405
2013-12-05,13.314
2013-12-06,13.282
2013-12-09,13.44
2013-12-10,13.587
2013-12-11,13.526
2013-12-12,13.295
2013-12-13,13.294
2013-12-16,13.294
2013-12-17,13.183
2013-12-18,13.078
2013-12-19,12.881
2013-12-20,13.024
2013-12-23,12.976
2013-12-24,13.032
2013-12-26,13.245
2013-12-27,13.448
2013-12-30,13.282
2013-12-31,13.389
2014-01-02,13.702
2014-01-03,13.791
2014-01-06,13.852
2014-01-07,13.798
2014-01-08,13.829
2014-01-09,13.836
2014-01-10,14.024
2014-01-13,14.078
2014-01-14,13.938
2014-01-15,13.938
2014-01-16,13.945
2014-01-17,14.168
2014-01-21,14.175
2014-01-22,14.205
2014-01-23,14.213
2014-01-24,13.923
2014-01-27,13.764
2014-01-28,13.769
2014-01-29,13.793
2014-01-30,13.477
2014-01-31,13.427
2014-02-03,13.508
2014-02-04,13.415
2014-02-05,13.482
2014-02-06,13.443
2014-02-07,13.502
2014-02-10,13.532
2014-02-11,13.534
2014-02-12,13.733
2014-02-13,13.815
2014-02-14,13.95
2014-02-18,13.883
2014-02-19,13.816
2014-02-20,13.845
2014-02-21,13.95
2014-02-24,14.031
2014-02-25,14.058
2014-02-26,13.95
2014-02-27,14.165
2014-02-28,14.101
2014-03-03,14.224
2014-03-04,14.278
2014-03-05,14.416
2014-03-06,14.465
2014-03-07,14.451
2014-03-10,14.402
2014-03-11,14.272
2014-03-12,14.39
2014-03-13,14.403
2014-03-14,14.324
2014-03-17,14.279
2014-03-18,14.238
2014-03-19,14.114
2014-03-20,13.963
2014-03-21,13.996
2014-03-24,13.905
2014-03-25,13.867
2014-03-26,13.717
2014-03-27,13.652
2014-03-28,13.722
2014-03-31,13.812
2014-04-01,13.905
2014-04-02,14.017
2014-04-03,14.07
2014-04-04,14.13
2014-04-07,13.931
2014-04-08,14.033
2014-04-09,14.074
2014-04-10,14.182
2014-04-11,14.179
2014-04-14,14.286
2014-04-15,14.055
2014-04-16,14.002
2014-04-17,13.756
2014-04-21,13.666
2014-04-22,13.666
2014-04-23,13.692
2014-04-24,13.774
2014-04-25,13.856
2014-04-28,13.83
2014-04-29,13.926
2014-04-30,13.891
2014-05-01,13.884
2014-05-02,14.007
2014-05-05,14.118
2014-05-06,14.165
2014-05-07,13.948
2014-05-08,13.992
2014-05-09,13.924
2014-05-12,14.001
2014-05-13,14.164
2014-05-14,14.448
2014-05-15,14.268
2014-05-16,14.256
2014-05-19,14.3
2014-05-20,14.31
2014-05-21,14.344
2014-05-22,14.51
2014-05-23,14.364
2014-05-27,14.266
2014-05-28,14.156
2014-05-29,14.198
2014-05-30,14.14
2014-06-02,13.981
2014-06-03,13.934
2014-06-04,13.998
2014-06-05,14.08
2014-06-06,14.131
2014-06-09,14.136
2014-06-10,14.414
2014-06-11,14.441
2014-06-12,14.058
2014-06-13,13.939
2014-06-16,13.965
2014-06-17,14.026
2014-06-18,14.118
2014-06-19,14.348
2014-06-20,14.176
2014-06-23,14.174
2014-06-24,14.282
2014-06-25,14.319
2014-06-26,14.292
2014-06-27,14.376
2014-06-30,14.463
2014-07-01,14.684
2014-07-02,14.672
2014-07-03,14.62
2014-07-07,14.555
2014-07-08,14.55
2014-07-09,14.667
2014-07-10,14.709
2014-07-11,14.712
2014-07-14,14.518
2014-07-15,14.422
2014-07-16,14.427
2014-07-17,14.62
2014-07-18,14.506
2014-07-21,14.486
2014-07-22,14.467
2014-07-23,14.433
2014-07-24,14.283
2014-07-25,14.362
2014-07-28,14.5
2014-07-29,14.394
2014-07-30,14.376
2014-07-31,14.201
2014-08-01,14.228
2014-08-04,14.245
2014-08-05,14.134
2014-08-06,14.224
2014-08-07,14.363
2014-08-08,14.355
2014-08-11,14.312
2014-08-12,14.292
2014-08-13,14.262
2014-08-14,14.246
2014-08-15,14.169
2014-08-18,14.05
2014-08-19,13.992
2014-08-20,13.869
2014-08-21,13.812
2014-08-22,13.835
2014-08-25,13.785
2014-08-26,13.787
2014-08-27,13.786
2014-08-28,13.87
2014-08-29,13.85
2014-09-02,13.718
2014-09-03,13.74
2014-09-04,13.664
2014-09-05,13.718
2014-09-08,13.605
2014-09-09,13.5
2014-09-10,13.441
2014-09-11,13.337
2014-09-12,13.318
2014-09-15,13.247
2014-09-16,13.294
2014-09-17,13.149
2014-09-18,13.105
2014-09-19,13.004
2014-09-22,12.909
2014-09-23,12.948
2014-09-24,12.815
2014-09-25,12.784
2014-09-26,12.655
2014-09-29,12.723
2014-09-30,12.629
2014-10-01,12.478
2014-10-02,12.315
2014-10-03,11.911
2014-10-06,12.089
2014-10-07,12.235
2014-10-08,12.453
2014-10-09,12.371
2014-10-10,12.263
2014-10-13,12.271
2014-10-14,12.312
2014-10-15,12.246
2014-10-16,12.152
2014-10-17,12.231
2014-10-20,12.324
2014-10-21,12.444
2014-10-22,12.277
2014-10-23,12.21
2014-10-24,12.154
2014-10-27,12.198
2014-10-28,12.301
2014-10-29,12.245
2014-10-30,12.082
2014-10-31,12.013
2014-11-03,12.028
2014-11-04,11.874
2014-11-05,11.696
2014-11-06,11.61
2014-11-07,11.825
2014-11-10,11.627
2014-11-11,11.713
2014-11-12,11.661
2014-11-13,11.609
2014-11-14,11.781
2014-11-17,11.662
2014-11-18,11.72
2014-11-19,11.569
2014-11-20,11.775
2014-11-21,11.92
2014-11-24,11.703
2014-11-25,11.901
2014-11-26,11.914
2014-11-28,11.647
2014-12-01,12.031
2014-12-02,11.811
2014-12-03,11.901
2014-12-04,12.012
2014-12-05,11.88
2014-12-08,11.994
2014-12-09,12.095
2014-12-10,12.056
2014-12-11,12.022
2014-12-12,11.929
2014-12-15,11.722
2014-12-16,11.618
2014-12-17,11.575
2014-12-18,11.636
2014-12-19,11.61
2014-12-22,11.435
2014-12-23,11.573
2014-12-24,11.558
2014-12-26,11.79
2014-12-29,11.645
2014-12-30,11.79
2014-12-31,11.705
2015-01-02,11.657
2015-01-05,11.76
2015-01-06,11.854
2015-01-07,11.832
2015-01-08,11.811
2015-01-09,11.93
2015-01-12,12.04
2015-01-13,12.01
2015-01-14,11.936
2015-01-15,12.195
2015-01-16,12.28
2015-01-20,12.436
2015-01-21,12.356
2015-01-22,12.47
2015-01-23,12.278
2015-01-26,12.131
2015-01-27,12.269
2015-01-28,12.188
2015-01-29,11.849
2015-01-30,12.04
2015-02-02,11.913
2015-02-03,11.98
2015-02-04,12.034
2015-02-05,12.178
2015-02-06,11.879
2015-02-09,11.821
2015-02-10,11.711
2015-02-11,11.576
2015-02-12,11.631
2015-02-13,11.701
2015-02-17,11.424
2015-02-18,11.399
2015-02-19,11.359
2015-02-20,11.294
2015-02-23,11.294
2015-02-24,11.299
2015-02-25,11.358
2015-02-26,11.41
2015-02-27,11.52
2015-03-02,11.511
2015-03-03,11.499
2015-03-04,11.457
2015-03-05,11.433
2015-03-06,11.235
2015-03-09,11.139
2015-03-10,10.954
2015-03-11,10.84
2015-03-12,10.821
2015-03-13,10.825
2015-03-16,10.736
2015-03-17,10.612
2015-03-18,10.83
2015-03-19,10.885
2015-03-20,11.029
2015-03-23,11.126
2015-03-24,11.045
2015-03-25,11.086
2015-03-26,11.175
2015-03-27,11.043
2015-03-30,10.864
2015-03-31,11.071
2015-04-01,11.276
2015-04-02,11.179
2015-04-06,11.411
2015-04-07,11.383
2015-04-08,11.308
2015-04-09,11.203
2015-04-10,11.38
2015-04-13,11.166
2015-04-14,11.169
2015-04-15,11.263
2015-04-16,11.232
2015-04-17,11.359
2015-04-20,11.128
2015-04-21,11.133
2015-04-22,10.944
2015-04-23,11.019
2015-04-24,10.887
2015-04-27,11.135
2015-04-28,11.213
2015-04-29,11.175
2015-04-30,11.056
2015-05-01,10.964
2015-05-04,11.111
2015-05-05,11.087
2015-05-06,11.071
2015-05-07,10.94
2015-05-08,11.05
2015-05-11,10.918
2015-05-12,10.957
2015-05-13,11.115
2015-05-14,11.229
2015-05-15,11.306
2015-05-18,11.379
2015-05-19,11.139
2015-05-20,11.191
2015-05-21,11.167
2015-05-22,11.084
2015-05-26,10.908
2015-05-27,10.838
2015-05-28,10.801
2015-05-29,10.766
2015-06-01,10.691
2015-06-02,10.796
2015-06-03,10.692
2015-06-04,10.66
2015-06-05,10.609
2015-06-08,10.677
2015-06-09,10.726
2015-06-10,10.8
2015-06-11,10.733
2015-06-12,10.596
2015-06-15,10.531
2015-06-16,10.451
2015-06-17,10.484
2015-06-18,10.476
2015-06-19,10.512
2015-06-22,10.288
2015-06-23,10.331
2015-06-24,10.401
2015-06-25,10.482
2015-06-26,10.456
2015-06-29,10.44
2015-06-30,10.42
2015-07-01,10.47
2015-07-02,10.474
2015-07-06,10.27
2015-07-07,10.06
2015-07-08,9.971
2015-07-09,9.9
2015-07-10,9.969
2015-07-13,10.005
2015-07-14,9.929
2015-07-15,9.895
2015-07-16,9.784
2015-07-17,9.666
2015-07-20,9.435
2015-07-21,9.449
2015-07-22,9.461
2015-07-23,9.434
2015-07-24,9.535
2015-07-27,9.524
2015-07-28,9.534
2015-07-29,9.551
2015-07-30,9.538
2015-07-31,9.515
2015-08-03,9.319
2015-08-04,9.237
2015-08-05,9.175
2015-08-06,9.204
2015-08-07,9.286
2015-08-10,9.538
2015-08-11,9.557
2015-08-12,9.659
2015-08-13,9.581
2015-08-14,9.586
2015-08-17,9.65
2015-08-18,9.633
2015-08-19,9.813
2015-08-20,9.959
2015-08-21,9.887
2015-08-24,9.559
2015-08-25,9.444
2015-08-26,9.478
2015-08-27,9.674
2015-08-28,9.864
2015-08-31,9.765
2015-09-01,9.667
2015-09-02,9.804
2015-09-03,9.71
2015-09-04,9.6
2015-09-08,9.706
2015-09-09,9.466
2015-09-10,9.455
2015-09-11,9.382
2015-09-14,9.238
2015-09-15,9.309
2015-09-16,9.389
2015-09-17,9.49
2015-09-18,9.469
2015-09-21,9.356
2015-09-22,9.053
2015-09-23,9.01
2015-09-24,9.215
2015-09-25,9.14
2015-09-28,8.869
2015-09-29,8.853
2015-09-30,8.786
2015-10-01,8.736
2015-10-02,8.794
2015-10-05,8.825
2015-10-06,9.018
2015-10-07,9.136
2015-10-08,9.181
2015-10-09,9.47
2015-10-12,9.601
2015-10-13,9.541
2015-10-14,9.653
2015-10-15,9.696
2015-10-16,9.811
2015-10-19,9.768
2015-10-20,9.848
2015-10-21,9.691
2015-10-22,9.752
2015-10-23,9.665
2015-10-26,9.629
2015-10-27,9.519
2015-10-28,9.651
2015-10-29,9.573
2015-10-30,9.496
2015-11-02,9.436
2015-11-03,9.313
2015-11-04,9.215
2015-11-05,9.171
2015-11-06,9.075
2015-11-09,8.827
2015-11-10,8.689
2015-11-11,8.508
2015-11-12,8.479
2015-11-13,8.299
2015-11-16,8.363
2015-11-17,8.231
2015-11-18,8.181
2015-11-19,8.261
2015-11-20,8.245
2015-11-23,8.164
2015-11-24,8.116
2015-11-25,8.12
2015-11-27,8.074
2015-11-30,8.012
2015-12-01,8.091
2015-12-02,8.025
2015-12-03,8.173
2015-12-04,8.501
2015-12-07,8.221
2015-12-08,8.161
2015-12-09,8.284
2015-12-10,8.252
2015-12-11,8.124
2015-12-14,8.192
2015-12-15,8.259
2015-12-16,8.426
2015-12-17,8.129
2015-12-18,8.293
2015-12-21,8.411
2015-12-22,8.394
2015-12-23,8.379
2015-12-24,8.513
2015-12-28,8.511
2015-12-29,8.562
2015-12-30,8.376
2015-12-31,8.583
2016-01-04,8.529
2016-01-05,8.571
2016-01-06,8.485
2016-01-07,8.482
2016-01-08,8.5
2016-01-11,8.159
2016-01-12,8.063
2016-01-13,8.189
2016-01-14,8.056
2016-01-15,7.997
2016-01-19,7.999
2016-01-20,7.941
2016-01-21,7.913
2016-01-22,8.02
2016-01-25,8.271
2016-01-26,8.461
2016-01-27,8.494
2016-01-28,8.348
2016-01-29,8.397
2016-02-01,8.392
2016-02-02,8.254
2016-02-03,8.494
2016-02-04,8.726
2016-02-05,8.792
2016-02-08,8.92
2016-02-09,8.985
2016-02-10,9.019
2016-02-11,9.254
2016-02-12,9.215
2016-02-16,8.975
2016-02-17,9.086
2016-02-18,9.112
2016-02-19,9.084
2016-02-22,8.932
2016-02-23,9.088
2016-02-24,9.059
2016-02-25,8.934
2016-02-26,8.802
2016-02-29,9.029
2016-03-01,9.049
2016-03-02,9.034
2016-03-03,9.149
2016-03-04,9.45
2016-03-07,9.639
2016-03-08,9.474
2016-03-09,9.396
2016-03-10,9.422
2016-03-11,9.271
2016-03-14,9.216
2016-03-15,9.216
2016-03-16,9.419
2016-03-17,9.489
2016-03-18,9.359
2016-03-21,9.469
2016-03-22,9.569
2016-03-23,9.226
2016-03-24,9.146
2016-03-28,9.108
2016-03-29,9.329
2016-03-30,9.29
2016-03-31,9.404
2016-04-01,9.226
2016-04-04,9.069
2016-04-05,9.15
2016-04-06,9.119
2016-04-07,9.204
2016-04-08,9.314
2016-04-11,9.514
2016-04-12,9.639
2016-04-13,9.623
2016-04-14,9.528
2016-04-15,9.471
2016-04-18,9.406
2016-04-19,9.76
2016-04-20,9.819
2016-04-21,9.862
2016-04-22,9.739
2016-04-25,9.778
2016-04-26,9.726
2016-04-27,9.879
2016-04-28,10.125
2016-04-29,10.365
2016-05-02,10.398
2016-05-03,10.231
2016-05-04,10.166
2016-05-05,10.221
2016-05-06,10.394
2016-05-09,10.041
2016-05-10,10.129
2016-05-11,10.267
2016-05-12,10.102
2016-05-13,10.119
2016-05-16,10.11
2016-05-17,10.137
2016-05-18,9.876
2016-05-19,9.746
2016-05-20,9.844
2016-05-23,9.754
2016-05-24,9.643
2016-05-25,9.546
2016-05-26,9.555
2016-05-27,9.4
2016-05-31,9.409
2016-06-01,9.347
2016-06-02,9.21
2016-06-03,9.452
2016-06-06,9.584
2016-06-07,9.637
2016-06-08,9.734
2016-06-09,9.668
2016-06-10,9.552
2016-06-13,9.529
2016-06-14,9.385
2016-06-15,9.408
2016-06-16,9.333
2016-06-17,9.339
2016-06-20,9.493
2016-06-21,9.405
2016-06-22,9.404
2016-06-23,9.278
2016-06-24,9.453
2016-06-27,9.412
2016-06-28,9.403
2016-06-29,9.69
2016-06-30,9.892
2016-07-01,10.194
2016-07-05,10.333
2016-07-06,10.451
2016-07-07,10.483
2016-07-08,10.58
2016-07-11,10.596
2016-07-12,10.471
2016-07-13,10.544
2016-07-14,10.588
2016-07-15,10.45
2016-07-18,10.551
2016-07-19,10.498
2016-07-20,10.411
2016-07-21,10.6
2016-07-22,10.396
2016-07-25,10.4
2016-07-26,10.498
2016-07-27,10.928
2016-07-28,10.924
2016-07-29,11.012
2016-08-01,11.123
2016-08-02,11.223
2016-08-03,11.19
2016-08-04,11.143
2016-08-05,11.009
2016-08-08,11.058
2016-08-09,11.105
2016-08-10,11.33
2016-08-11,10.943
2016-08-12,10.801
2016-08-15,10.689
2016-08-16,10.744
2016-08-17,10.731
2016-08-18,10.87
2016-08-19,10.716
2016-08-22,10.591
2016-08-23,10.614
2016-08-24,10.366
2016-08-25,10.306
2016-08-26,10.309
2016-08-29,10.344
2016-08-30,10.116
2016-08-31,10.071
2016-09-01,10.062
2016-09-02,10.223
2016-09-06,10.557
2016-09-07,10.463
2016-09-08,10.399
2016-09-09,10.22
2016-09-12,10.132
2016-09-13,9.946
2016-09-14,9.944
2016-09-15,9.925
2016-09-16,9.755
2016-09-19,9.825
2016-09-20,9.9
2016-09-21,10.149
2016-09-22,10.149
2016-09-23,10.117
2016-09-26,9.959
2016-09-27,9.841
2016-09-28,9.876
2016-09-29,9.862
2016-09-30,9.88
2016-10-03,9.663
2016-10-04,9.479
2016-10-05,9.365
2016-10-06,9.25
2016-10-07,9.272
2016-10-10,9.226
2016-10-11,9.101
2016-10-12,9.053
2016-10-13,8.996
2016-10-14,8.988
2016-10-17,8.987
2016-10-18,9.081
2016-10-19,9.074
2016-10-20,8.964
2016-10-21,8.958
2016-10-24,9.03
2016-10-25,9.262
2016-10-26,9.255
2016-10-27,9.275
2016-10-28,9.421
2016-10-31,9.406
2016-11-01,9.534
2016-11-02,9.532
2016-11-03,9.555
2016-11-04,9.586
2016-11-07,9.609
2016-11-08,9.624
2016-11-09,9.599
2016-11-10,9.341
2016-11-11,9.041
2016-11-14,8.918
2016-11-15,9.003
2016-11-16,9.063
2016-11-17,8.975
2016-11-18,8.825
2016-11-21,8.984
2016-11-22,9.023
2016-11-23,8.923
2016-11-25,8.703
2016-11-28,8.873
2016-11-29,8.828
2016-11-30,8.744
2016-12-01,8.787
2016-12-02,8.93
2016-12-05,8.983
2016-12-06,8.966
2016-12-07,9.039
2016-12-08,9.011
2016-12-09,8.777
2016-12-12,8.94
2016-12-13,8.984
2016-12-14,8.863
2016-12-15,8.603
2016-12-16,8.873
2016-12-19,8.801
2016-12-20,8.816
2016-12-21,8.776
2016-12-22,8.691
2016-12-23,8.56
2016-12-27,8.667
2016-12-28,8.64
2016-12-29,8.627
2016-12-30,8.641
2017-01-03,8.999
2017-01-04,9.055
2017-01-05,9.299
2017-01-06,9.294
2017-01-09,9.385
2017-01-10,9.37
2017-01-11,9.337
2017-01-12,9.368
2017-01-13,9.444
2017-01-17,9.331
2017-01-18,9.221
2017-01-19,9.178
2017-01-20,9.372
2017-01-23,9.405
2017-01-24,9.561
2017-01-25,9.416
2017-01-26,9.375
2017-01-27,9.442
2017-01-30,9.481
2017-01-31,9.549
2017-02-01,9.593
2017-02-02,9.592
2017-02-03,9.619
2017-02-06,9.715
2017-02-07,9.644
2017-02-08,9.749
2017-02-09,9.736
2017-02-10,9.689
2017-02-13,9.572
2017-02-14,9.594
2017-02-15,9.678
2017-02-16,9.709
2017-02-17,9.63
2017-02-21,9.61
2017-02-22,9.621
2017-02-23,9.666
2017-02-24,9.825
2017-02-27,9.817
2017-02-28,9.825
2017-03-01,9.72
2017-03-02,9.457
2017-03-03,9.546
2017-03-06,9.364
2017-03-07,9.196
2017-03-08,9.076
2017-03-09,8.966
2017-03-10,9.02
2017-03-13,9.011
2017-03-14,8.989
2017-03-15,9.145
2017-03-16,9.182
2017-03-17,9.227
2017-03-20,9.297
2017-03-21,9.295
2017-03-22,9.216
2017-03-23,9.213
2017-03-24,9.242
2017-03-27,9.282
2017-03-28,9.128
2017-03-29,9.142
2017-03-30,9.1
2017-03-31,9.091
2017-04-03,9.159
2017-04-04,9.206
2017-04-05,9.199
2017-04-06,9.159
2017-04-07,9.133
2017-04-10,9.012
2017-04-11,9.263
2017-04-12,9.297
2017-04-13,9.32
2017-04-17,9.424
2017-04-18,9.349
2017-04-19,9.24
2017-04-20,9.365
2017-04-21,9.312
2017-04-24,9.206
2017-04-25,9.151
2017-04-26,9.09
2017-04-27,9.041
2017-04-28,9.071
2017-05-01,8.911
2017-05-02,8.888
2017-05-03,8.621
2017-05-04,8.642
2017-05-05,8.741
2017-05-08,8.809
2017-05-09,8.674
2017-05-10,8.718
2017-05-11,8.789
2017-05-12,8.803
2017-05-15,8.91
2017-05-16,9.014
2017-05-17,9.041
2017-05-18,8.923
2017-05-19,8.99
2017-05-22,9.074
2017-05-23,9.035
2017-05-24,9.077
2017-05-25,9.073
2017-05-26,9.181
2017-05-30,8.996
2017-05-31,9.087
2017-06-01,8.919
2017-06-02,9.116
2017-06-05,9.128
2017-06-06,9.18
2017-06-07,9.04
2017-06-08,8.971
2017-06-09,8.99
2017-06-12,9.035
2017-06-13,8.884
2017-06-14,8.931
2017-06-15,8.824
2017-06-16,8.878
2017-06-19,8.849
2017-06-20,8.812
2017-06-21,8.872
2017-06-22,8.841
2017-06-23,8.876
2017-06-26,8.781
2017-06-27,8.8
2017-06-28,8.803
2017-06-29,8.801
2017-06-30,8.835
2017-07-03,8.677
2017-07-05,8.709
2017-07-06,8.705
2017-07-07,8.659
2017-07-10,8.624
2017-07-11,8.614
2017-07-12,8.769
2017-07-13,8.664
2017-07-14,8.816
2017-07-17,8.864
2017-07-18,8.869
2017-07-19,8.81
2017-07-20,8.856
2017-07-21,8.943
2017-07-24,8.903
2017-07-25,8.868
2017-07-26,8.901
2017-07-27,8.859
2017-07-28,8.945
2017-07-31,8.999
2017-08-01,9.018
2017-08-02,9.052
2017-08-03,9.212
2017-08-04,9.233
2017-08-07,9.251
2017-08-08,9.285
2017-08-09,9.296
2017-08-10,9.37
2017-08-11,9.425
2017-08-14,9.253
2017-08-15,9.193
2017-08-16,9.34
2017-08-17,9.306
2017-08-18,9.356
2017-08-21,9.375
2017-08-22,9.327
2017-08-23,9.33
2017-08-24,9.333
2017-08-25,9.3
2017-08-28,9.433
2017-08-29,9.492
2017-08-30,9.453
2017-08-31,9.537
2017-09-01,9.619
2017-09-05,9.623
2017-09-06,9.577
2017-09-07,9.698
2017-09-08,9.638
2017-09-11,9.45
2017-09-12,9.448
2017-09-13,9.35
2017-09-14,9.375
2017-09-15,9.245
2017-09-18,9.17
2017-09-19,9.085
2017-09-20,8.996
2017-09-21,8.952
2017-09-22,8.903
2017-09-25,8.983
2017-09-26,8.85
2017-09-27,8.803
2017-09-28,8.823
2017-09-29,8.724
2017-10-02,8.722
2017-10-03,8.705
2017-10-04,8.743
2017-10-05,8.725
2017-10-06,8.73
2017-10-09,8.77
2017-10-10,8.912
2017-10-11,8.908
2017-10-12,8.959
2017-10-13,9.024
2017-10-16,8.883
2017-10-17,8.928
2017-10-18,8.8
2017-10-19,8.825
2017-10-20,8.829
2017-10-23,8.854
2017-10-24,8.825
2017-10-25,8.821
2017-10-26,8.763
2017-10-27,8.75
2017-10-30,8.779
2017-10-31,8.771
2017-11-01,8.909
2017-11-02,8.83
2017-11-03,8.785
2017-11-06,8.906
2017-11-07,8.804
2017-11-08,8.88
2017-11-09,8.948
2017-11-10,8.861
2017-11-13,8.898
2017-11-14,8.834
2017-11-15,8.896
2017-11-16,8.897
2017-11-17,9.08
2017-11-20,8.821
2017-11-21,8.894
2017-11-22,8.965
2017-11-24,8.976
2017-11-27,9.034
2017-11-28,9.051
2017-11-29,8.968
2017-11-30,8.995
2017-12-01,8.965
2017-12-04,8.839
2017-12-05,8.741
2017-12-06,8.612
2017-12-07,8.538
2017-12-08,8.475
2017-12-11,8.475
2017-12-12,8.396
2017-12-13,8.468
2017-12-14,8.422
2017-12-15,8.518
2017-12-18,8.677
2017-12-19,8.72
2017-12-20,8.759
2017-12-21,8.735
2017-12-22,8.75
2017-12-26,8.79
2017-12-27,8.776
2017-12-28,8.829
2017-12-29,8.847
2018-01-02,9.005
2018-01-03,9.13
2018-01-04,9.196
2018-01-05,9.239
2018-01-08,9.274
2018-01-09,9.21
2018-01-10,9.253
2018-01-11,9.375
2018-01-12,9.481
2018-01-16,9.522
2018-01-17,9.53
2018-01-18,9.533
2018-01-19,9.652
2018-01-22,9.49
2018-01-23,9.582
2018-01-24,9.681
2018-01-25,9.663
2018-01-26,9.648
2018-01-29,9.591
2018-01-30,9.471
2018-01-31,9.535
2018-02-01,9.593
2018-02-02,9.415
2018-02-05,9.433
2018-02-06,9.413
2018-02-07,9.331
2018-02-08,9.27
2018-02-09,9.176
2018-02-12,9.255
2018-02-13,9.276
2018-02-14,9.51
2018-02-15,9.55
2018-02-16,9.577
2018-02-20,9.525
2018-02-21,9.422
2018-02-22,9.494
2018-02-23,9.482
2018-02-26,9.512
2018-02-27,9.36
2018-02-28,9.353
2018-03-01,9.197
2018-03-02,9.2
2018-03-05,9.151
2018-03-06,9.22
2018-03-07,9.065
2018-03-08,9.061
2018-03-09,9.173
2018-03-12,9.175
2018-03-13,9.189
2018-03-14,9.162
2018-03-15,9.077
2018-03-16,9.038
2018-03-19,9.072
2018-03-20,8.982
2018-03-21,9.132
2018-03-22,9.043
2018-03-23,9.024
2018-03-26,9.067
2018-03-27,8.98
2018-03-28,8.915
2018-03-29,8.865
2018-04-02,8.9
2018-04-03,8.821
2018-04-04,8.727
2018-04-05,8.683
2018-04-06,8.715
2018-04-09,8.88
2018-04-10,8.853
2018-04-11,8.874
2018-04-12,8.84
2018-04-13,8.854
2018-04-16,8.834
2018-04-17,8.912
2018-04-18,8.958
2018-04-19,8.905
2018-04-20,8.821
2018-04-23,8.77
2018-04-24,8.868
2018-04-25,8.667
2018-04-26,8.643
2018-04-27,8.697
2018-04-30,8.598
2018-05-01,8.503
2018-05-02,8.518
2018-05-03,8.583
2018-05-04,8.648
2018-05-07,8.662
2018-05-08,8.689
2018-05-09,8.691
2018-05-10,8.802
2018-05-11,8.777
2018-05-14,8.661
2018-05-15,8.539
2018-05-16,8.477
2018-05-17,8.475
2018-05-18,8.425
2018-05-21,8.549
2018-05-22,8.629
2018-05-23,8.6
2018-05-24,8.665
2018-05-25,8.562
2018-05-29,8.626
2018-05-30,8.649
2018-05-31,8.627
2018-06-01,8.589
2018-06-04,8.56
2018-06-05,8.567
2018-06-06,8.606
2018-06-07,8.552
2018-06-08,8.612
2018-06-11,8.604
2018-06-12,8.545
2018-06-13,8.59
2018-06-14,8.613
2018-06-15,8.447
2018-06-18,8.4
2018-06-19,8.252
2018-06-20,8.285
2018-06-21,8.208
2018-06-22,8.319
2018-06-25,8.242
2018-06-26,8.246
2018-06-27,8.14
2018-06-28,8.079
2018-06-29,8.114
2018-07-02,7.766
2018-07-03,7.995
2018-07-05,8.005
2018-07-06,8.021
2018-07-09,8.089
2018-07-10,8.048
2018-07-11,7.888
2018-07-12,8.004
2018-07-13,7.894
2018-07-16,7.832
2018-07-17,7.77
2018-07-18,7.778
2018-07-19,7.662
2018-07-20,7.864
2018-07-23,7.896
2018-07-24,7.918
2018-07-25,8.023
2018-07-26,7.835
2018-07-27,7.9
2018-07-30,7.869
2018-07-31,7.965
2018-08-01,7.771
2018-08-02,7.85
2018-08-03,7.906
2018-08-06,7.812
2018-08-07,7.882
2018-08-08,7.898
2018-08-09,7.915
2018-08-10,7.875
2018-08-13,7.616
2018-08-14,7.618
2018-08-15,7.298
2018-08-16,7.402
2018-08-17,7.501
2018-08-20,7.557
2018-08-21,7.545
2018-08-22,7.553
2018-08-23,7.383
2018-08-24,7.502
2018-08-27,7.626
2018-08-28,7.502
2018-08-29,7.569
2018-08-30,7.527
2018-08-31,7.47
2018-09-04,7.4
2018-09-05,7.455
2018-09-06,7.507
2018-09-07,7.422
2018-09-10,7.451
2018-09-11,7.48
2018-09-12,7.589
2018-09-13,7.627
2018-09-14,7.56
2018-09-17,7.586
2018-09-18,7.715
2018-09-19,7.808
2018-09-20,7.917
2018-09-21,7.861
2018-09-24,7.85
2018-09-25,7.82
2018-09-26,7.81
2018-09-27,7.696
2018-09-28,7.737
2018-10-01,7.813
2018-10-02,7.876
2018-10-03,7.86
2018-10-04,7.826
2018-10-05,7.813
2018-10-08,7.78
2018-10-09,7.836
2018-10-10,7.806
2018-10-11,7.963
2018-10-12,7.948
2018-10-15,7.993
2018-10-16,7.983
2018-10-17,7.901
2018-10-18,7.853
2018-10-19,7.885
2018-10-22,7.811
2018-10-23,7.904
2018-10-24,7.876
2018-10-25,7.853
2018-10-26,7.908
2018-10-29,7.908
2018-10-30,7.933
2018-10-31,7.965
2018-11-01,8.16
2018-11-02,8.25
2018-11-05,8.179
2018-11-06,8.236
2018-11-07,8.276
2018-11-08,8.191
2018-11-09,8.1
2018-11-12,7.968
2018-11-13,7.945
2018-11-14,7.915
2018-11-15,7.973
2018-11-16,8.017
2018-11-19,8.085
2018-11-20,7.976
2018-11-21,8.024
2018-11-23,7.95
2018-11-26,8.005
2018-11-27,7.9
2018-11-28,7.814
2018-11-29,7.762
2018-11-30,7.565
2018-12-03,7.632
2018-12-04,7.603
2018-12-06,7.478
2018-12-07,7.516
2018-12-10,7.432
2018-12-11,7.45
2018-12-12,7.606
2018-12-13,7.554
2018-12-14,7.462
2018-12-17,7.525
2018-12-18,7.496
2018-12-19,7.451
2018-12-20,7.518
2018-12-21,7.465
2018-12-24,7.453
2018-12-26,7.545
2018-12-27,7.542
2018-12-28,7.472
2018-12-31,7.524
2019-01-02,7.532
2019-01-03,7.567
2019-01-04,7.787
2019-01-07,7.794
2019-01-08,7.776
2019-01-09,7.812
2019-01-10,7.774
2019-01-11,7.686
2019-01-14,7.599
2019-01-15,7.569
2019-01-16,7.654
2019-01-17,7.694
2019-01-18,7.564
2019-01-22,7.481
2019-01-23,7.53
2019-01-24,7.602
2019-01-25,7.749
2019-01-28,7.7
2019-01-29,7.722
2019-01-30,7.748
2019-01-31,7.78
2019-02-01,7.828
2019-02-04,7.779
2019-02-05,7.773
2019-02-06,7.647
2019-02-07,7.565
2019-02-08,7.584
2019-02-11,7.458
2019-02-12,7.51
2019-02-13,7.451
2019-02-14,7.46
2019-02-15,7.652
2019-02-19,7.77
2019-02-20,7.842
2019-02-21,7.799
2019-02-22,7.99
2019-02-25,8.084
2019-02-26,8.141
2019-02-27,8.219
2019-02-28,8.252
2019-03-01,8.107
2019-03-04,7.912
2019-03-05,7.925
2019-03-06,7.832
2019-03-07,7.714
2019-03-08,7.757
2019-03-11,7.746
2019-03-12,7.91
2019-03-13,8.004
2019-03-14,7.808
2019-03-15,7.873
2019-03-18,7.902
2019-03-19,8.081
2019-03-20,8.213
2019-03-21,8.153
2019-03-22,8.012
2019-03-25,8.12
2019-03-26,8.126
2019-03-27,8.073
2019-03-28,7.938
2019-03-29,8.015
2019-04-01,8.035
2019-04-02,8.051
2019-04-03,8.223
2019-04-04,8.494
2019-04-05,8.509
2019-04-08,8.592
2019-04-09,8.422
2019-04-10,8.534
2019-04-11,8.434
2019-04-12,8.446
2019-04-15,8.381
2019-04-16,8.336
2019-04-17,8.4
2019-04-18,8.535
2019-04-22,8.503
2019-04-23,8.407
2019-04-24,8.362
2019-04-25,8.384
2019-04-26,8.5
2019-04-29,8.474
2019-04-30,8.394
2019-05-01,8.178
2019-05-02,8.04
2019-05-03,8.236
2019-05-06,8.277
2019-05-07,8.228
2019-05-08,8.145
2019-05-09,8.027
2019-05-10,8.178
2019-05-13,8.059
2019-05-14,8.098
2019-05-15,7.999
2019-05-16,7.879
2019-05-17,7.739
2019-05-20,7.706
2019-05-21,7.717
2019-05-22,7.605
2019-05-23,7.557
2019-05-24,7.612
2019-05-28,7.553
2019-05-29,7.501
2019-05-30,7.52
2019-05-31,7.499
2019-06-03,7.782
2019-06-04,7.758
2019-06-05,7.585
2019-06-06,7.588
2019-06-07,7.618
2019-06-10,7.62
2019-06-11,7.705
2019-06-12,7.655
2019-06-13,7.67
2019-06-14,7.592
2019-06-17,7.504
2019-06-18,7.586
2019-06-19,7.663
2019-06-20,7.629
2019-06-21,7.646
2019-06-24,7.702
2019-06-25,7.631
2019-06-26,7.706
2019-06-27,7.69
2019-06-28,7.886
2019-07-01,7.854
2019-07-02,7.825
2019-07-03,7.931
2019-07-05,7.656
2019-07-08,7.705
2019-07-09,7.673
2019-07-10,7.821
2019-07-11,7.787
2019-07-12,7.844
2019-07-15,7.96
2019-07-16,7.924
2019-07-17,7.976
2019-07-18,8.059
2019-07-19,8.002
2019-07-22,8.022
2019-07-23,8.08
2019-07-24,8.268
2019-07-25,8.185
2019-07-26,8.158
2019-07-29,8.329
2019-07-30,8.236
2019-07-31,8.154
2019-08-01,8.058
2019-08-02,7.966
2019-08-05,8.065
2019-08-06,8.046
2019-08-07,8.151
2019-08-08,8.189
2019-08-09,8.135
2019-08-12,8.101
2019-08-13,8.079
2019-08-14,7.979
2019-08-15,7.941
2019-08-16,8.021
2019-08-19,8.039
2019-08-20,8.018
2019-08-21,8.063
2019-08-22,8.11
2019-08-23,8.1
2019-08-26,8.081
2019-08-27,8.177
2019-08-28,8.503
2019-08-29,8.642
2019-08-30,8.804
2019-09-03,9.017
2019-09-04,9.315
2019-09-05,9.054
2019-09-06,8.933
2019-09-09,8.937
2019-09-10,8.776
2019-09-11,8.918
2019-09-12,8.978
2019-09-13,8.963
2019-09-16,8.851
2019-09-17,8.876
2019-09-18,8.778
2019-09-19,8.859
2019-09-20,8.928
2019-09-23,9.059
2019-09-24,9.016
2019-09-25,8.736
2019-09-26,8.802
2019-09-27,8.774
2019-09-30,8.347
2019-10-01,8.292
2019-10-02,8.38
2019-10-03,8.397
2019-10-04,8.315
2019-10-07,8.278
2019-10-08,8.398
2019-10-09,8.428
2019-10-10,8.476
2019-10-11,8.452
2019-10-14,8.425
2019-10-15,8.349
2019-10-16,8.365
2019-10-17,8.369
2019-10-18,8.401
2019-10-21,8.369
2019-10-22,8.404
2019-10-23,8.636
2019-10-24,8.7
2019-10-25,8.725
2019-10-28,8.664
2019-10-29,8.672
2019-10-30,8.7
2019-10-31,8.793
2019-11-01,8.95
2019-11-04,8.817
2019-11-05,8.76
2019-11-06,8.761
2019-11-07,8.572
2019-11-08,8.362
2019-11-11,8.258
2019-11-12,8.2
2019-11-13,8.233
2019-11-14,8.304
2019-11-15,8.385
2019-11-18,8.429
2019-11-19,8.59
2019-11-20,8.661
2019-11-21,8.628
2019-11-22,8.399
2019-11-25,8.452
2019-11-26,8.573
2019-11-27,8.434
2019-11-29,8.458
2019-12-02,8.465
2019-12-03,8.575
2019-12-04,8.437
2019-12-05,8.456
2019-12-06,8.449
2019-12-09,8.422
2019-12-10,8.694
2019-12-11,8.864
2019-12-12,8.916
2019-12-13,8.731
2019-12-16,8.755
2019-12-17,8.742
2019-12-18,8.811
2019-12-19,8.8
2019-12-20,8.581
2019-12-23,8.815
2019-12-24,8.905
2019-12-26,8.951
2019-12-27,8.888
2019-12-30,9.013
2019-12-31,9.093
2020-01-02,9.235
2020-01-03,9.236
2020-01-06,9.068
2020-01-07,9.147
2020-01-08,9.016
2020-01-09,9.094
2020-01-10,9.227
2020-01-13,9.192
2020-01-14,9.272
2020-01-15,9.622
2020-01-16,9.499
2020-01-17,9.629
2020-01-21,9.449
2020-01-22,9.555
2020-01-23,9.46
2020-01-24,9.483
2020-01-27,9.267
2020-01-28,9.301
2020-01-29,9.206
2020-01-30,9.232
2020-01-31,9.02
2020-02-03,9.117
2020-02-04,9.097
2020-02-05,9.27
2020-02-06,9.061
2020-02-07,9.12
2020-02-10,9.061
2020-02-11,9.155
2020-02-12,9.071
2020-02-13,9.13
2020-02-14,9.087
2020-02-18,9.361
2020-02-19,9.504
2020-02-20,9.226
2020-02-21,9.201
2020-02-24,9.08
2020-02-25,8.677
2020-02-26,8.591
2020-02-27,8.463
2020-02-28,8.114
2020-03-02,8.111
2020-03-03,8.258
2020-03-04,8.264
2020-03-05,8.175
2020-03-06,8.52
2020-03-09,8.156
2020-03-10,8.21
2020-03-11,8.15
2020-03-12,7.19
2020-03-13,7.169
2020-03-16,6.206
2020-03-17,6.249
2020-03-18,5.882
2020-03-19,5.536
2020-03-20,5.757
2020-03-23,6.016
2020-03-24,6.68
2020-03-25,6.979
2020-03-26,6.914
2020-03-27,6.933
2020-03-30,6.828
2020-03-31,6.79
2020-04-01,6.737
2020-04-02,6.861
2020-04-03,6.801
2020-04-06,6.968
2020-04-07,6.988
2020-04-08,6.9
2020-04-09,7.029
2020-04-13,7.08
2020-04-14,7.395
2020-04-15,7.33
2020-04-16,7.38
2020-04-17,7.3
2020-04-20,7.266
2020-04-21,7.005
2020-04-22,7.165
2020-04-23,7.324
2020-04-24,7.229
2020-04-27,7.208
2020-04-28,7.38
2020-04-29,7.387
2020-04-30,7.402
2020-05-01,7.216
2020-05-04,7.264
2020-05-05,7.256
2020-05-06,7.071
2020-05-07,7.215
2020-05-08,7.248
2020-05-11,7.225
2020-05-12,7.18
2020-05-13,7.168
2020-05-14,7.271
2020-05-15,7.535
2020-05-18,7.76
2020-05-19,7.911
2020-05-20,8.114
2020-05-21,7.884
2020-05-22,7.827
2020-05-26,7.841
2020-05-27,7.889
2020-05-28,7.863
2020-05-29,7.906
2020-06-01,8.112
2020-06-02,7.975
2020-06-03,7.846
2020-06-04,7.913
2020-06-05,7.736
2020-06-08,7.898
2020-06-09,7.843
2020-06-10,7.921
2020-06-11,7.582
2020-06-12,7.652
2020-06-15,7.667
2020-06-16,7.788
2020-06-17,7.748
2020-06-18,7.646
2020-06-19,7.709
2020-06-22,7.763
2020-06-23,7.864
2020-06-24,7.576
2020-06-25,7.573
2020-06-26,7.58
2020-06-29,7.641
2020-06-30,7.817
2020-07-01,7.768
2020-07-02,7.688
2020-07-06,7.785
2020-07-07,7.918
2020-07-08,8.014
2020-07-09,7.907
2020-07-10,7.825
2020-07-13,7.865
2020-07-14,7.778
2020-07-15,7.834
2020-07-16,7.752
2020-07-17,7.879
2020-07-20,8.029
2020-07-21,8.297
2020-07-22,8.719
2020-07-23,8.662
2020-07-24,8.668
2020-07-27,8.84
2020-07-28,8.96
2020-07-29,8.832
2020-07-30,8.463
2020-07-31,8.526
2020-08-03,8.629
2020-08-04,8.888
2020-08-05,9.165
2020-08-06,9.384
2020-08-07,9.039
2020-08-10,9.302
2020-08-11,8.8
2020-08-12,8.725
2020-08-13,9.068
2020-08-14,8.903
2020-08-17,9.02
2020-08-18,9.115
2020-08-19,8.759
2020-08-20,8.667
2020-08-21,8.687
2020-08-24,8.641
2020-08-25,8.772
2020-08-26,8.825
2020-08-27,8.702
2020-08-28,8.788
2020-08-31,8.789
2020-09-01,8.864
2020-09-02,8.565
2020-09-03,8.345
2020-09-04,8.48
2020-09-08,8.483
2020-09-09,8.679
2020-09-10,8.683
2020-09-11,8.71
2020-09-14,8.975
2020-09-15,9.111
2020-09-16,9.092
2020-09-17,8.819
2020-09-18,8.718
2020-09-21,8.339
2020-09-22,8.183
2020-09-23,7.873
2020-09-24,7.997
2020-09-25,8.007
2020-09-28,8.302
2020-09-29,8.325
2020-09-30,8.399
2020-10-01,8.474
2020-10-02,8.26
2020-10-05,8.436
2020-10-06,8.073
2020-10-07,8.132
2020-10-08,8.124
2020-10-09,8.366
2020-10-12,8.24
2020-10-13,8.154
2020-10-14,8.076
2020-10-15,8.134
2020-10-16,8.111
2020-10-19,8.036
2020-10-20,8.205
2020-10-21,8.35
2020-10-22,8.287
2020-10-23,8.498
2020-10-26,8.23
2020-10-27,8.275
2020-10-28,8.149
2020-10-29,8.003
2020-10-30,7.961
2020-11-02,8.085
2020-11-03,8.171
2020-11-04,8.169
2020-11-05,8.429
2020-11-06,8.364
2020-11-09,8.106
2020-11-10,8.284
2020-11-11,8.12
2020-11-12,8.235
2020-11-13,8.363
2020-11-16,8.685
2020-11-17,8.704
2020-11-18,8.839
2020-11-19,8.922
2020-11-20,8.911
2020-11-23,8.712
2020-11-24,9.0
2020-11-25,9.07
2020-11-27,9.047
2020-11-30,9.074
2020-12-01,9.408
2020-12-02,9.502
2020-12-03,9.729
2020-12-04,9.991
2020-12-07,9.663
2020-12-08,9.636
2020-12-09,9.398
2020-12-10,9.671
2020-12-11,9.5
2020-12-14,9.471
2020-12-15,9.759
2020-12-16,9.732
2020-12-17,9.806
2020-12-18,9.699
2020-12-21,9.526
2020-12-22,9.432
2020-12-23,9.563
2020-12-24,9.626
2020-12-28,9.696
2020-12-29,9.896
2020-12-30,10.073
2020-12-31,10.073
2021-01-04,10.01
2021-01-05,10.469
2021-01-06,10.322
2021-01-07,10.515
2021-01-08,10.002
2021-01-11,9.694
2021-01-12,10.09
2021-01-13,10.314
2021-01-14,10.495
2021-01-15,10.027
2021-01-19,10.167
2021-01-20,10.408
2021-01-21,10.595
2021-01-22,10.327
2021-01-25,10.289
2021-01-26,10.3
2021-01-27,9.995
2021-01-28,10.065
2021-01-29,10.044
2021-02-01,10.537
2021-02-02,10.205
2021-02-03,10.288
2021-02-04,10.281
2021-02-05,10.555
2021-02-08,10.898
2021-02-09,11.083
2021-02-10,11.64
2021-02-11,11.615
2021-02-12,11.751
2021-02-16,11.843
2021-02-17,11.765
2021-02-18,11.922
2021-02-19,11.943
2021-02-22,11.932
2021-02-23,11.622
2021-02-24,11.892
2021-02-25,11.458
2021-02-26,11.123
2021-03-01,11.118
2021-03-02,11.294
2021-03-03,11.001
2021-03-04,10.56
2021-03-05,10.603
2021-03-08,10.656
2021-03-09,10.978
2021-03-10,11.27
2021-03-11,11.24
2021-03-12,11.268
2021-03-15,11.361
2021-03-16,11.378
2021-03-17,11.381
2021-03-18,11.351
2021-03-19,11.166
2021-03-22,11.099
2021-03-23,10.908
2021-03-24,10.925
2021-03-25,10.716
2021-03-26,11.038
2021-03-29,10.999
2021-03-30,10.786
2021-03-31,11.131
2021-04-01,11.355
2021-04-05,11.345
2021-04-06,11.623
2021-04-07,11.505
2021-04-08,11.531
2021-04-09,11.287
2021-04-12,10.998
2021-04-13,10.841
2021-04-14,10.971
2021-04-15,11.206
2021-04-16,11.259
2021-04-19,11.325
2021-04-20,11.138
2021-04-21,11.435
2021-04-22,11.279
2021-04-23,11.522
2021-04-26,11.655
2021-04-27,11.512
2021-04-28,11.436
2021-04-29,11.25
2021-04-30,11.205
2021-05-03,11.499
2021-05-04,11.56
2021-05-05,11.47
2021-05-06,11.76
2021-05-07,11.762
2021-05-10,11.717
2021-05-11,11.6
2021-05-12,11.374
2021-05-13,11.306
2021-05-14,11.489
2021-05-17,11.625
2021-05-18,11.44
2021-05-19,11.145
2021-05-20,11.229
2021-05-21,10.947
2021-05-24,11.008
2021-05-25,11.183
2021-05-26,11.137
2021-05-27,11.036
2021-05-28,11.046
2021-06-01,11.184
2021-06-02,11.144
2021-06-03,10.881
2021-06-04,10.934
2021-06-07,10.991
2021-06-08,10.887
2021-06-09,10.773
2021-06-10,10.799
2021-06-11,10.748
2021-06-14,10.874
2021-06-15,10.786
2021-06-16,10.585
2021-06-17,9.965
2021-06-18,9.751
2021-06-21,9.92
2021-06-22,10.063
2021-06-23,10.149
2021-06-24,10.229
2021-06-25,10.343
2021-06-28,10.235
2021-06-29,9.967
2021-06-30,10.026
2021-07-01,10.15
2021-07-02,10.231
2021-07-06,10.187
2021-07-07,10.151
2021-07-08,10.047
2021-07-09,10.276
2021-07-12,10.496
2021-07-13,10.35
2021-07-14,10.555
2021-07-15,10.64
2021-07-16,10.251
2021-07-19,10.002
2021-07-20,9.967
2021-07-21,10.1
2021-07-22,10.201
2021-07-23,9.924
2021-07-26,9.991
2021-07-27,9.841
2021-07-28,9.989
2021-07-29,9.95
2021-07-30,9.801
2021-08-02,9.844
2021-08-03,9.801
2021-08-04,9.554
2021-08-05,9.403
2021-08-06,9.155
2021-08-09,9.14
2021-08-10,9.294
2021-08-11,9.555
2021-08-12,9.541
2021-08-13,9.601
2021-08-16,9.562
2021-08-17,9.302
2021-08-18,9.322
2021-08-19,9.084
2021-08-20,9.287
2021-08-23,9.464
2021-08-24,9.435
2021-08-25,9.32
2021-08-26,9.129
2021-08-27,9.432
2021-08-30,9.419
2021-08-31,9.477
2021-09-01,9.353
2021-09-02,9.336
2021-09-03,9.555
2021-09-07,9.31
2021-09-08,9.16
2021-09-09,9.128
2021-09-10,8.945
2021-09-13,8.983
2021-09-14,8.816
2021-09-15,8.789
2021-09-16,8.745
2021-09-17,8.775
2021-09-20,8.527
2021-09-21,8.955
2021-09-22,9.28
2021-09-23,9.27
2021-09-24,9.134
2021-09-27,9.151
2021-09-28,9.01
2021-09-29,8.893
2021-09-30,9.02
2021-10-01,9.099
2021-10-04,9.012
2021-10-05,8.989
2021-10-06,9.247
2021-10-07,9.171
2021-10-08,9.566
2021-10-11,9.401
2021-10-12,9.431
2021-10-13,9.53
2021-10-14,9.909
2021-10-15,9.862
2021-10-18,9.671
2021-10-19,9.713
2021-10-20,9.81
2021-10-21,9.826
2021-10-22,9.71
2021-10-25,9.873
2021-10-26,9.577
2021-10-27,9.397
2021-10-28,9.508
2021-10-29,9.471
2021-11-01,9.935
2021-11-02,9.664
2021-11-03,9.607
2021-11-04,9.593
2021-11-05,9.683
2021-11-08,9.884
2021-11-09,9.89
2021-11-10,9.97
2021-11-11,10.148
2021-11-12,10.096
2021-11-15,10.154
2021-11-16,9.9
2021-11-17,9.896
2021-11-18,9.78
2021-11-19,9.608
2021-11-22,9.471
2021-11-23,9.058
2021-11-24,9.15
2021-11-26,8.908
2021-11-29,8.972
2021-11-30,8.71
2021-12-01,8.66
2021-12-02,8.759
2021-12-03,8.709
2021-12-06,8.766
2021-12-07,8.865
2021-12-08,8.947
2021-12-09,8.72
2021-12-10,8.775
2021-12-13,8.657
2021-12-14,8.574
2021-12-15,8.571
2021-12-16,8.72
2021-12-17,8.697
2021-12-20,8.679
2021-12-21,8.709
2021-12-22,9.021
2021-12-23,9.071
2021-12-27,9.031
2021-12-28,9.061
2021-12-29,9.016
2021-12-30,8.959
2021-12-31,8.99
2022-01-03,8.913
2022-01-04,9.081
2022-01-05,9.15
2022-01-06,8.973
2022-01-07,8.922
2022-01-10,8.798
2022-01-11,9.09
2022-01-12,9.095
2022-01-13,9.027
2022-01-14,9.031
2022-01-18,9.153
2022-01-19,9.564
2022-01-20,9.698
2022-01-21,9.591
2022-01-24,9.57
2022-01-25,9.579
2022-01-26,9.613
2022-01-27,9.502
2022-01-28,9.397
2022-01-31,9.537
2022-02-01,9.562
2022-02-02,9.637
2022-02-03,9.627
2022-02-04,9.559
2022-02-07,9.529
2022-02-08,9.626
2022-02-09,9.635
2022-02-10,9.58
2022-02-11,9.596
2022-02-14,9.604
2022-02-15,9.573
2022-02-16,9.949
2022-02-17,10.156
2022-02-18,9.942
2022-02-22,10.007
2022-02-23,10.187
2022-02-24,9.838
2022-02-25,9.835
2022-02-28,9.72
2022-03-01,9.801
2022-03-02,9.985
2022-03-03,10.061
2022-03-04,10.453
2022-03-07,10.436
2022-03-08,10.764
2022-03-09,10.088
2022-03-10,10.103
2022-03-11,9.942
2022-03-14,9.67
2022-03-15,9.232
2022-03-16,9.513
2022-03-17,9.498
2022-03-18,9.523
2022-03-21,9.631
2022-03-22,9.523
2022-03-23,9.558
2022-03-24,9.546
2022-03-25,9.36
2022-03-28,9.16
2022-03-29,9.183
2022-03-30,9.265
2022-03-31,9.176
2022-04-01,9.198
2022-04-04,9.183
2022-04-05,9.019
2022-04-06,8.944
2022-04-07,9.005
2022-04-08,9.098
2022-04-11,9.1
2022-04-12,9.0
2022-04-13,9.2
2022-04-14,9.186
2022-04-18,9.405
2022-04-19,9.216
2022-04-20,9.22
2022-04-21,8.988
2022-04-22,8.64
2022-04-25,8.566
2022-04-26,8.578
2022-04-27,8.528
2022-04-28,8.539
2022-04-29,8.702
2022-05-02,8.702
2022-05-03,8.931
2022-05-04,9.234
2022-05-05,9.145
2022-05-06,8.936
2022-05-09,8.842
2022-05-10,8.982
2022-05-11,9.257
2022-05-12,8.765
2022-05-13,8.751
2022-05-16,8.774
2022-05-17,8.861
2022-05-18,8.636
2022-05-19,8.947
2022-05-20,8.863
2022-05-23,8.9
2022-05-24,8.869
2022-05-25,8.83
2022-05-26,8.823
2022-05-27,8.865
2022-05-31,9.0
2022-06-01,9.251
2022-06-02,9.49
2022-06-03,9.435
2022-06-06,9.541
2022-06-07,9.42
2022-06-08,9.378
2022-06-09,9.038
2022-06-10,9.076
2022-06-13,8.673
2022-06-14,8.543
2022-06-15,8.762
2022-06-16,8.85
2022-06-17,8.677
2022-06-21,8.724
2022-06-22,8.608
2022-06-23,8.448
2022-06-24,8.434
2022-06-27,8.454
2022-06-28,8.453
2022-06-29,8.525
2022-06-30,8.31
2022-07-01,8.26
2022-07-05,8.083
2022-07-06,8.01
2022-07-07,8.126
2022-07-08,8.294
2022-07-11,8.087
2022-07-12,7.83
2022-07-13,7.922
2022-07-14,7.825
2022-07-15,7.857
2022-07-18,8.018
2022-07-19,8.115
2022-07-20,7.97
2022-07-21,8.136
2022-07-22,8.096
2022-07-25,8.175
2022-07-26,8.09
2022-07-27,8.271
2022-07-28,8.25
2022-07-29,8.302
2022-08-01,8.444
2022-08-02,8.348
2022-08-03,8.357
2022-08-04,8.64
2022-08-05,8.665
2022-08-08,8.735
2022-08-09,8.672
2022-08-10,8.741
2022-08-11,8.88
2022-08-12,8.929
2022-08-15,8.672
2022-08-16,8.696
2022-08-17,8.586
2022-08-18,8.465
2022-08-19,8.306
2022-08-22,8.115
2022-08-23,8.202
2022-08-24,8.171
2022-08-25,8.207
2022-08-26,8.013
2022-08-29,8.04
2022-08-30,7.869
2022-08-31,7.826
2022-09-01,7.676
2022-09-02,7.765
2022-09-06,7.92
2022-09-07,8.056
2022-09-08,8.179
2022-09-09,8.168
2022-09-12,8.412
2022-09-13,8.169
2022-09-14,8.41
2022-09-15,8.408
2022-09-16,8.431
2022-09-19,8.537
2022-09-20,8.552
2022-09-21,8.441
2022-09-22,8.362
2022-09-23,7.953
2022-09-26,7.913
2022-09-27,7.872
2022-09-28,8.072
2022-09-29,8.042
2022-09-30,7.991
2022-10-03,8.385
2022-10-04,8.662
2022-10-05,8.51
2022-10-06,8.596
2022-10-07,8.458
2022-10-10,8.34
2022-10-11,8.279
2022-10-12,8.195
2022-10-13,8.385
2022-10-14,8.371
2022-10-17,8.47
2022-10-18,8.436
2022-10-19,8.206
2022-10-20,8.521
2022-10-21,8.653
2022-10-24,8.582
2022-10-25,8.534
2022-10-26,8.831
2022-10-27,8.906
2022-10-28,8.771
2022-10-31,8.59
2022-11-01,8.753
2022-11-02,8.655
2022-11-03,8.54
2022-11-04,8.928
2022-11-07,9.113
2022-11-08,9.262
2022-11-09,9.137
2022-11-10,9.628
2022-11-11,9.549
2022-11-14,9.447
2022-11-15,9.407
2022-11-16,9.315
2022-11-17,9.106
2022-11-18,9.095
2022-11-21,9.144
2022-11-22,9.233
2022-11-23,9.277
2022-11-25,9.109
2022-11-28,9.167
2022-11-29,9.295
2022-11-30,9.583
2022-12-01,9.656
2022-12-02,9.434
2022-12-05,9.256
2022-12-06,9.187
2022-12-07,9.318
2022-12-08,9.294
2022-12-09,9.482
2022-12-12,9.298
2022-12-13,9.605
2022-12-14,9.528
2022-12-15,9.351
2022-12-16,9.213
2022-12-19,9.076
2022-12-20,9.348
2022-12-21,9.275
2022-12-22,9.074
2022-12-23,9.483
2022-12-27,9.505
2022-12-28,9.356
2022-12-29,9.81
2022-12-30,9.928
2023-01-03,10.056
2023-01-04,10.005
2023-01-05,9.826
2023-01-06,10.109
2023-01-09,10.005
2023-01-10,10.005
2023-01-11,9.89
2023-01-12,9.883
2023-01-13,9.901
2023-01-17,9.656
2023-01-18,9.621
2023-01-19,9.6
2023-01-20,9.632
2023-01-23,9.695
2023-01-24,9.788
2023-01-25,9.639
2023-01-26,9.447
2023-01-27,9.385
2023-01-30,9.341
2023-01-31,9.37
2023-02-01,9.326
2023-02-02,9.465
2023-02-03,9.045
2023-02-06,8.992
2023-02-07,9.015
2023-02-08,8.974
2023-02-09,8.831
2023-02-10,8.762
2023-02-13,8.829
2023-02-14,8.635
2023-02-15,8.497
2023-02-16,8.538
2023-02-17,8.512
2023-02-21,8.744
2023-02-22,8.784
2023-02-23,8.783
2023-02-24,8.434
2023-02-27,8.698
2023-02-28,8.817
2023-03-01,8.863
2023-03-02,8.909
2023-03-03,9.034
2023-03-06,9.019
2023-03-07,8.616
2023-03-08,8.677
2023-03-09,8.759
2023-03-10,8.88
2023-03-13,9.269
2023-03-14,9.112
2023-03-15,8.866
2023-03-16,9.028
2023-03-17,9.009
2023-03-20,9.138
2023-03-21,8.995
2023-03-22,9.129
2023-03-23,9.14
2023-03-24,9.051
2023-03-27,9.034
2023-03-28,8.936
2023-03-29,8.959
2023-03-30,9.12
2023-03-31,9.194
2023-04-03,9.178
2023-04-04,9.475
2023-04-05,9.27
2023-04-06,9.337
2023-04-10,9.269
2023-04-11,9.264
2023-04-12,9.411
2023-04-13,9.706
2023-04-14,9.652
2023-04-17,9.699
2023-04-18,10.011
2023-04-19,10.099
2023-04-20,10.099
2023-04-21,10.391
2023-04-24,10.089
2023-04-25,10.094
2023-04-26,10.068
2023-04-27,10.0
2023-04-28,9.941
2023-05-01,9.761
2023-05-02,9.853
2023-05-03,9.704
2023-05-04,9.702
2023-05-05,9.794
2023-05-08,9.91
2023-05-09,10.211
2023-05-10,10.318
2023-05-11,10.11
2023-05-12,9.785
2023-05-15,9.865
2023-05-16,9.842
2023-05-17,9.961
2023-05-18,9.771
2023-05-19,9.871
2023-05-22,9.891
2023-05-23,9.75
2023-05-24,9.511
2023-05-25,9.469
2023-05-26,9.445
2023-05-30,9.43
2023-05-31,9.221
2023-06-01,9.3
2023-06-02,9.267
2023-06-05,9.505
2023-06-06,9.55
2023-06-07,9.43
2023-06-08,9.35
2023-06-09,9.334
2023-06-12,9.162
2023-06-13,9.059
2023-06-14,9.015
2023-06-15,9.126
2023-06-16,9.085
2023-06-20,8.89
2023-06-21,8.749
2023-06-22,8.533
2023-06-23,8.489
2023-06-26,8.564
2023-06-27,8.552
2023-06-28,8.446
2023-06-29,8.294
2023-06-30,8.365
2023-07-03,8.428
2023-07-05,8.498
2023-07-06,8.385
2023-07-07,8.44
2023-07-10,8.601
2023-07-11,8.578
2023-07-12,8.791
2023-07-13,8.995
2023-07-14,8.977
2023-07-17,9.045
2023-07-18,9.085
2023-07-19,9.002
2023-07-20,8.839
2023-07-21,8.892
2023-07-24,8.85
2023-07-25,8.955
2023-07-26,8.93
2023-07-27,8.643
2023-07-28,8.65
2023-07-31,8.789
2023-08-01,8.606
2023-08-02,8.53
2023-08-03,8.445
2023-08-04,8.516
2023-08-07,8.528
2023-08-08,8.351
2023-08-09,8.245
2023-08-10,8.413
2023-08-11,8.445
2023-08-14,8.354
2023-08-15,8.236
2023-08-16,8.181
2023-08-17,8.262
2023-08-18,8.418
2023-08-21,8.417
2023-08-22,8.499
2023-08-23,8.582
2023-08-24,8.64
2023-08-25,8.721
2023-08-28,8.934
2023-08-29,9.038
2023-08-30,9.018
2023-08-31,8.955
2023-09-01,8.868
2023-09-05,8.568
2023-09-06,8.437
2023-09-07,8.377
2023-09-08,8.262
2023-09-11,8.323
2023-09-12,8.405
2023-09-13,8.332
2023-09-14,8.383
2023-09-15,8.564
2023-09-18,8.614
2023-09-19,8.696
2023-09-20,8.579
2023-09-21,8.488
2023-09-22,8.558
2023-09-25,8.417
2023-09-26,8.346
2023-09-27,8.211
2023-09-28,8.376
2023-09-29,8.362
2023-10-02,8.12
2023-10-03,8.052
2023-10-04,8.025
2023-10-05,7.963
2023-10-06,8.113
2023-10-09,8.202
2023-10-10,8.148
2023-10-11,8.192
2023-10-12,8.012
2023-10-13,8.136
2023-10-16,8.238
2023-10-17,8.285
2023-10-18,8.175
2023-10-19,8.221
2023-10-20,8.267
2023-10-23,8.281
2023-10-24,8.207
2023-10-25,8.356
2023-10-26,8.354
2023-10-27,8.326
2023-10-30,8.611
2023-10-31,8.604
2023-11-01,8.51
2023-11-02,8.515
2023-11-03,8.59
2023-11-06,8.36
2023-11-07,8.242
2023-11-08,8.02
2023-11-09,7.95
2023-11-10,7.801
2023-11-13,7.993
2023-11-14,8.21
2023-11-15,8.293
2023-11-16,8.266
2023-11-17,8.303
2023-11-20,8.501
2023-11-21,8.62
2023-11-22,8.525
2023-11-24,8.57
2023-11-27,8.486
2023-11-28,8.69
2023-11-29,8.575
2023-11-30,8.575
2023-12-01,8.623
2023-12-04,8.486
2023-12-05,8.31
2023-12-06,8.212
2023-12-07,8.368
2023-12-08,8.452
2023-12-11,8.411
2023-12-12,8.586
2023-12-13,8.643
2023-12-14,8.842
2023-12-15,8.698
2023-12-18,8.714
2023-12-19,8.788
2023-12-20,8.843
2023-12-21,8.907
2023-12-22,8.974
2023-12-26,9.065
2023-12-27,9.18
2023-12-28,9.248
2023-12-29,9.116
2024-01-02,9.042
2024-01-03,8.963
2024-01-04,8.813
2024-01-05,8.875
2024-01-08,8.726
2024-01-09,8.591
2024-01-10,8.49
2024-01-11,8.457
2024-01-12,8.349
2024-01-16,8.276
2024-01-17,8.167
2024-01-18,8.357
2024-01-19,8.291
2024-01-22,8.242
2024-01-23,8.319
2024-01-24,8.308
2024-01-25,8.222
2024-01-26,8.424
2024-01-29,8.58
2024-01-30,8.508
2024-01-31,8.439
2024-02-01,8.428
2024-02-02,8.223
2024-02-05,8.298
2024-02-06,8.33
2024-02-07,8.122
2024-02-08,8.184
2024-02-09,8.078
2024-02-12,8.201
2024-02-13,8.045
2024-02-14,8.194
2024-02-15,8.27
2024-02-16,8.33
2024-02-20,8.325
2024-02-21,8.151
2024-02-22,8.287
2024-02-23,8.28
2024-02-26,8.106
2024-02-27,8.187
2024-02-28,8.101
2024-02-29,8.094
2024-03-01,8.151
2024-03-04,8.267
2024-03-05,8.117
2024-03-06,8.334
2024-03-07,8.453
2024-03-08,8.375
2024-03-11,8.626
2024-03-12,8.496
2024-03-13,8.642
2024-03-14,8.546
2024-03-15,8.636
2024-03-18,8.431
2024-03-19,8.249
2024-03-20,8.359
2024-03-21,8.349
2024-03-22,8.236
2024-03-25,8.311
2024-03-26,8.31
2024-03-27,8.264
2024-03-28,8.355
2024-04-01,8.288
2024-04-02,8.498
2024-04-03,8.631
2024-04-04,8.556
2024-04-05,8.543
2024-04-08,8.882
2024-04-09,8.994
2024-04-10,8.88
2024-04-11,9.019
2024-04-12,8.989
2024-04-15,8.937
2024-04-16,8.829
2024-04-17,8.675
2024-04-18,8.658
2024-04-19,8.589
2024-04-22,8.48
2024-04-23,8.368
2024-04-24,8.327
2024-04-25,8.42
2024-04-26,8.428
2024-04-29,8.721
2024-04-30,8.61
2024-05-01,8.718
2024-05-02,8.752
2024-05-03,8.761
2024-05-06,8.775
2024-05-07,9.0
2024-05-08,8.965
2024-05-09,9.049
2024-05-10,9.159
2024-05-13,9.197
2024-05-14,9.527
2024-05-15,9.787
2024-05-16,9.761
2024-05-17,9.98
2024-05-20,9.669
2024-05-21,9.694
2024-05-22,9.54
2024-05-23,9.354
2024-05-24,9.456
2024-05-28,9.728
2024-05-29,9.542
2024-05-30,9.413
2024-05-31,9.53
2024-06-03,9.35
2024-06-04,9.109
2024-06-05,9.161
2024-06-06,9.25
2024-06-07,8.88
2024-06-10,8.921
2024-06-11,8.779
2024-06-12,8.821
2024-06-13,8.736
2024-06-14,8.804
2024-06-17,8.926
2024-06-18,8.955
2024-06-20,9.027
2024-06-21,9.108
2024-06-24,9.141
2024-06-25,9.037
2024-06-26,9.3
2024-06-27,9.073
2024-06-28,9.147
2024-07-01,8.983
2024-07-02,9.16
2024-07-03,9.166
2024-07-05,9.422
2024-07-08,9.198
2024-07-09,9.048
2024-07-10,9.153
2024-07-11,9.239
2024-07-12,9.179
2024-07-15,9.146
2024-07-16,9.191
2024-07-17,9.141
2024-07-18,8.896
2024-07-19,8.861
2024-07-22,8.735
2024-07-23,8.704
2024-07-24,8.721
2024-07-25,8.592
2024-07-26,8.601
2024-07-29,8.73
2024-07-30,8.798
2024-07-31,8.952
2024-08-01,8.839
2024-08-02,8.768
2024-08-05,8.368
2024-08-06,8.403
2024-08-07,8.403
2024-08-08,8.562
2024-08-09,8.465
2024-08-12,8.649
2024-08-13,8.616
2024-08-14,8.491
2024-08-15,8.756
2024-08-16,8.768
2024-08-19,8.801
2024-08-20,8.722
2024-08-21,8.875
2024-08-22,8.68
2024-08-23,8.834
2024-08-26,8.825
2024-08-27,8.818
2024-08-28,8.585
2024-08-29,8.621
2024-08-30,8.501
2024-09-03,8.308
2024-09-04,8.327
2024-09-05,8.5
2024-09-06,8.458
2024-09-09,8.645
2024-09-10,8.63
2024-09-11,8.759
2024-09-12,8.984
2024-09-13,9.156
2024-09-16,9.042
2024-09-17,9.0
2024-09-18,8.872
2024-09-19,9.049
2024-09-20,8.958
2024-09-23,8.798
2024-09-24,9.081
2024-09-25,9.07
2024-09-26,9.274
2024-09-27,9.184
2024-09-30,8.98
2024-10-01,9.11
2024-10-02,9.239
2024-10-03,9.111
2024-10-04,9.096
2024-10-07,8.941
2024-10-08,8.793
2024-10-09,8.732
2024-10-10,8.907
2024-10-11,9.025
2024-10-14,9.135
2024-10-15,9.047
2024-10-16,9.128
2024-10-17,9.116
2024-10-18,9.298
2024-10-21,9.227
2024-10-22,9.451
2024-10-23,9.353
2024-10-24,9.425
2024-10-25,9.351
2024-10-28,9.479
2024-10-29,9.598
2024-10-30,9.275
2024-10-31,9.096
2024-11-01,9.061
2024-11-04,9.006
2024-11-05,9.148
2024-11-06,9.074
2024-11-07,9.127
2024-11-08,8.875
2024-11-11,8.823
2024-11-12,8.678
2024-11-13,8.571
2024-11-14,8.604
2024-11-15,8.608
2024-11-18,8.864
2024-11-19,8.916
2024-11-20,8.784
2024-11-21,8.833
2024-11-22,8.824
2024-11-25,8.601
2024-11-26,8.495
2024-11-27,8.514
2024-11-29,8.706
2024-12-02,8.672
2024-12-03,8.724
2024-12-04,8.621
2024-12-05,8.584
2024-12-06,8.504
2024-12-09,8.591
2024-12-10,8.62
2024-12-11,8.591
2024-12-12,8.535
2024-12-13,8.43
2024-12-16,8.569
2024-12-17,8.591
2024-12-18,8.427
2024-12-19,8.463
2024-12-20,8.492
2024-12-23,8.583
2024-12-24,8.632
2024-12-26,8.585
2024-12-27,8.422
2024-12-30,8.266
2024-12-31,8.305
2025-01-02,8.459
2025-01-03,8.57
2025-01-06,8.555
2025-01-07,8.715
2025-01-08,8.762
2025-01-10,8.778
2025-01-13,8.707
2025-01-14,8.61
2025-01-15,8.603
2025-01-16,8.554
2025-01-17,8.612
2025-01-21,8.65
2025-01-22,8.679
2025-01-23,8.683
2025-01-24,8.688
2025-01-27,8.675
2025-01-28,8.619
2025-01-29,8.704
2025-01-30,8.876
2025-01-31,8.979
2025-02-03,8.831
2025-02-04,8.85
2025-02-05,8.984
2025-02-06,9.073
2025-02-07,8.897
2025-02-10,9.053
2025-02-11,9.021
2025-02-12,9.085
2025-02-13,9.15
2025-02-14,8.961
2025-02-18,9.002
2025-02-19,8.94
2025-02-20,8.962
2025-02-21,8.869
2025-02-24,8.82
2025-02-25,8.843
2025-02-26,8.845
2025-02-27,8.678
2025-02-28,8.639
2025-03-03,8.718
2025-03-04,8.775
2025-03-05,8.847
2025-03-06,8.847
2025-03-07,8.81
2025-03-10,8.755
2025-03-11,8.993
2025-03-12,9.064
2025-03-13,9.1
2025-03-14,9.092
2025-03-17,9.178
2025-03-18,9.165
2025-03-19,9.127
2025-03-20,9.009
2025-03-21,8.993
2025-03-24,8.888
2025-03-25,8.947
2025-03-26,8.934
2025-03-27,9.02
2025-03-28,8.996
2025-03-31,9.137
2025-04-01,9.008
2025-04-02,8.878
2025-04-03,8.654
2025-04-04,8.39
2025-04-07,8.341
2025-04-08,8.389
2025-04-09,8.507
2025-04-10,8.526
2025-04-11,8.64
2025-04-14,8.71
2025-04-15,8.796
2025-04-16,8.86
2025-04-17,8.848
2025-04-21,8.835
2025-04-22,8.761
2025-04-23,8.844
2025-04-24,8.902
2025-04-25,8.897
2025-04-28,9.056
2025-04-29,8.957
2025-04-30,8.849
2025-05-01,8.828
2025-05-02,8.821
2025-05-05,8.797
2025-05-06,9.031
2025-05-07,8.933
2025-05-08,8.963
2025-05-09,9.117
2025-05-12,8.959
2025-05-13,9.06
2025-05-14,8.956
2025-05-15,9.064
2025-05-16,9.031
2025-05-19,9.155
2025-05-20,9.646
2025-05-21,9.886
2025-05-22,9.86
2025-05-23,10.015
2025-05-27,9.905
2025-05-28,9.892
2025-05-29,9.876
2025-05-30,9.675
2025-06-02,9.751
2025-06-03,9.845
2025-06-04,10.051
2025-06-05,10.438
2025-06-06,10.7
2025-06-09,11.11
2025-06-10,11.121
2025-06-11,11.471
2025-06-12,11.786
2025-06-13,11.201
2025-06-16,11.375
2025-06-17,11.54
2025-06-18,12.054
2025-06-20,11.537
2025-06-23,11.77
2025-06-24,11.987
2025-06-25,12.405
2025-06-26,12.886
2025-06-27,12.201
2025-06-30,12.287
2025-07-01,12.352
2025-07-02,13.016
2025-07-03,12.514
2025-07-07,12.516
2025-07-08,12.474
2025-07-09,12.286
2025-07-10,12.408
2025-07-11,12.82
2025-07-14,12.428
2025-07-15,12.423
2025-07-16,12.9
2025-07-17,13.294
2025-07-18,12.989
2025-07-21,13.104
2025-07-22,13.108
2025-07-23,12.881
2025-07-24,12.828
2025-07-25,12.762
2025-07-28,12.578
2025-07-29,12.74
2025-07-30,11.876
2025-07-31,11.781
2025-08-01,12.005
2025-08-04,12.107
2025-08-05,11.993
2025-08-06,12.19
2025-08-07,12.189
2025-08-08,12.113
2025-08-11,12.098
2025-08-12,12.198
2025-08-13,12.216
2025-08-14,12.378
2025-08-15,12.234
2025-08-18,12.148
2025-08-19,11.946
2025-08-20,12.22
2025-08-21,12.37
2025-08-22,12.398
2025-08-25,12.225
2025-08-26,12.322
2025-08-27,12.298
2025-08-28,12.405
2025-08-29,12.522
2025-09-02,12.808
2025-09-03,12.963
2025-09-04,12.533
2025-09-05,12.578
2025-09-08,12.616
2025-09-09,12.5
2025-09-10,12.657
2025-09-11,12.629
2025-09-12,12.753
2025-09-15,12.815
2025-09-16,12.686
2025-09-17,12.385
2025-09-18,12.615
2025-09-19,12.846
2025-09-22,12.977
2025-09-23,13.475
2025-09-24,13.443
2025-09-25,13.989
2025-09-26,14.383
2025-09-29,14.577
2025-09-30,14.288
2025-10-01,14.207
2025-10-02,14.284
2025-10-03,14.639
2025-10-06,14.817
2025-10-07,14.779
2025-10-08,15.22
2025-10-09,14.767
2025-10-10,14.579
2025-10-13,14.831
2025-10-14,14.945
2025-10-15,15.125
2025-10-16,15.564
2025-10-17,14.621
2025-10-20,14.984
2025-10-21,14.036
2025-10-22,14.828
2025-10-23,14.81
2025-10-24,14.626
2025-10-27,14.428
2025-10-28,14.468
2025-10-29,14.524
2025-10-30,14.686
2025-10-31,14.354
2025-11-03,14.223
2025-11-04,13.971
2025-11-05,14.195
2025-11-06,13.956
2025-11-07,14.066
2025-11-10,14.419
2025-11-11,14.46
2025-11-12,14.747
2025-11-13,14.36
2025-11-14,14.045
2025-11-17,13.952
2025-11-18,13.987
2025-11-19,14.054
2025-11-20,13.733
2025-11-21,13.793
2025-11-24,14.069
2025-11-25,14.135
2025-11-26,14.494
2025-11-28,15.259
2025-12-01,15.139
2025-12-02,14.97
2025-12-03,15.163
2025-12-04,15.02
2025-12-05,14.969
2025-12-08,14.994
2025-12-09,15.459
2025-12-10,15.062
2025-12-11,15.465
2025-12-12,15.903
2025-12-15,16.294
2025-12-16,16.777
2025-12-17,17.233
2025-12-18,17.534
2025-12-19,17.966
2025-12-22,19.177
2025-12-23,20.804
2025-12-24,20.452
2025-12-26,22.014
2025-12-29,19.278
2025-12-30,19.861
2025-12-31,18.643
2026-01-02,19.45
2026-01-05,20.45
2026-01-06,22.045
2026-01-07,20.945
2026-01-08,20.501
2026-01-09,20.68
2026-01-12,21.214
2026-01-13,21.165
2026-01-14,21.876
2026-01-15,21.867
2026-01-16,20.927
2026-01-20,22.407
2026-01-21,22.63
2026-01-22,24.049
2026-01-23,25.225
2026-01-26,24.675
2026-01-27,23.778
2026-01-28,24.516
2026-01-29,23.913
2026-01-30,19.504
2026-02-02,19.464
2026-02-03,20.259
2026-02-04,20.141
2026-02-05,18.177
2026-02-06,19.13
2026-02-09,19.461
2026-02-10,19.013
2026-02-11,19.439
2026-02-12,18.153
2026-02-13,18.698
2026-02-17,18.293
2026-02-18,18.927
2026-02-19,18.845
2026-02-20,19.649
2026-02-23,19.736
2026-02-24,19.763
2026-02-25,20.726
2026-02-26,20.708
2026-02-27,21.473
2026-03-02,20.978
2026-03-03,19.089
2026-03-04,19.525
2026-03-05,19.191
2026-03-06,19.341
2026-03-09,19.81
2026-03-10,19.996
2026-03-11,19.762
2026-03-12,19.387
2026-03-13,18.383
2026-03-16,19.195
2026-03-17,19.26
2026-03-18,18.383
2026-03-19,17.875
2026-03-20,17.425
2026-03-23,17.012
2026-03-24,17.169
2026-03-25,17.544
2026-03-26,16.546
2026-03-27,16.94
2026-03-30,17.222
2026-03-31,17.823
2026-04-01,17.844
2026-04-02,18.079
2026-04-06,17.969
2026-04-07,17.792
2026-04-08,18.512
2026-04-09,19.157
2026-04-10,18.62
2026-04-13,18.805
2026-04-14,19.146
2026-04-15,19.271
2026-04-16,19.029
2026-04-17,19.247
2026-04-20,18.931
2026-04-21,18.308
2026-04-22,18.86
2026-04-23,18.227
2026-04-24,18.257
2026-04-27,17.999
2026-04-28,17.591
2026-04-29,17.06
2026-04-30,17.98
2026-05-01,18.001
2026-05-04,17.624
2026-05-05,17.665
2026-05-06,18.67
2026-05-07,18.423
2026-05-08,18.601
2026-05-11,19.296
2026-05-12,19.313
2026-05-13,19.549
2026-05-14,18.68
2026-05-15,17.903
2026-05-18,17.84
2026-05-19,17.42
2026-05-20,17.71
2026-05-21,17.85
2026-05-22,17.47
2026-05-26,17.74
2026-05-27,17.43
2026-05-28,17.45
2026-05-29,17.45
2026-06-01,17.45
2026-06-02,17.53
2026-06-03,16.88
2026-06-04,17.21
2026-06-05,16.18
2026-06-08,15.92
2026-06-09,15.63
2026-06-10,15.13
2026-06-11,15.63
2026-06-12,15.54
2026-06-15,16.06
2026-06-16,16.42
2026-06-17,15.67
2026-06-18,15.37
2026-06-22,15.18
2026-06-23,14.96
2026-06-24,14.23
2026-06-25,14.49
2026-06-26,14.77
2026-06-29,14.33
2026-06-30,14.13
2026-07-01,14.29
2026-07-02,14.72
2026-07-06,14.83
2026-07-07,14.84
2026-07-08,14.41
2026-07-09,14.62
2026-07-10,14.77
2026-07-13,14.52
2026-07-14,14.78
2026-07-15,15.19
2026-07-16,14.69
2026-07-17,14.5
2026-07-20,14.47
2026-07-21,14.82
2026-07-22,14.88
2026-07-23,14.46
2026-07-24,14.43
2026-07-27,14.73
2026-07-28,14.54
2026-07-29,14.59
2026-07-30,15.03
2026-07-31,14.96
2026-08-03,14.76
2026-08-04,15.74
2026-08-05,15.73
2026-08-06,15.67
2026-08-07,15.85
2026-08-10,15.91
2026-08-11,15.78
2026-08-12,15.94
2026-08-13,15.54
2026-08-14,15.87
2026-08-17,16.07
2026-08-18,15.56
2026-08-19,16.46
2026-08-20,16.68
2026-08-21,17.02
2026-08-24,17.0
2026-08-25,16.86
2026-08-26,16.61
2026-08-27,16.76
2026-08-28,16.49
2026-08-31,16.25
2026-09-01,15.8
2026-09-02,15.98
2026-09-03,16.49
2026-09-04,16.5
2026-09-08,16.46
2026-09-09,17.15
2026-09-10,16.13
2026-09-11,16.26
2026-09-14,15.9
2026-09-15,16.07
2026-09-16,15.83
2026-09-17,16.06
2026-09-18,16.31
2026-09-21,16.32
2026-09-22,16.62
2026-09-23,15.89
2026-09-24,15.9
2026-09-25,16.09
2026-09-28,15.57
2026-09-29,15.47
2026-09-30,15.41
2026-10-01,15.51
2026-10-02,15.43
2026-10-05,15.58
2026-10-06,15.47
2026-10-07,14.78
2026-10-08,14.82
2026-10-09,15.25
