date,nav
2022-08-19,10.0
2022-08-22,10.0
2022-08-23,9.9824
2022-08-24,9.9635
2022-08-25,9.9646
2022-08-26,9.9659
2022-08-29,9.9698
2022-08-30,9.9713
2022-09-01,9.9738
2022-09-02,9.9752
2022-09-05,9.9796
2022-09-06,9.9813
2022-09-07,9.9828
2022-09-08,9.9842
2022-09-09,9.9855
2022-09-12,9.9897
2022-09-13,9.9908
2022-09-14,9.9919
2022-09-15,9.9929
2022-09-16,9.994
2022-09-19,9.998
2022-09-20,9.9991
2022-09-21,9.9998
2022-09-22,10.001
2022-09-23,10.0021
2022-09-26,10.0064
2022-09-27,10.0077
2022-09-28,10.0089
2022-09-29,10.0102
2022-09-30,10.0119
2022-10-03,10.0171
2022-10-04,10.019
2022-10-06,10.0221
2022-10-07,10.0236
2022-10-10,10.0282
2022-10-11,10.0297
2022-10-12,10.0299
2022-10-13,10.0313
2022-10-14,10.0284
2022-10-17,10.0415
2022-10-18,10.0397
2022-10-19,10.0321
2022-10-20,10.0265
2022-10-21,10.0202
2022-10-25,10.0526
2022-10-27,10.067
2022-10-28,10.0621
2022-10-31,10.0446
2022-11-01,10.0691
2022-11-02,10.0701
2022-11-03,10.033
2022-11-04,10.0389
2022-11-07,10.0568
2022-11-09,10.0868
2022-11-10,10.1148
2022-11-11,10.1488
2022-11-14,10.154
2022-11-15,10.1694
2022-11-16,10.1668
2022-11-17,10.168
2022-11-18,10.1544
2022-11-21,10.1506
2022-11-22,10.1641
2022-11-23,10.1689
2022-11-24,10.1892
2022-11-25,10.1737
2022-11-28,10.1939
2022-11-29,10.1918
2022-11-30,10.1918
2022-12-01,10.2286
2022-12-02,10.228
2022-12-05,10.2348
2022-12-06,10.225
2022-12-07,10.2136
2022-12-08,10.2125
2022-12-09,10.1978
2022-12-12,10.2089
2022-12-13,10.2278
2022-12-14,10.249
2022-12-15,10.2294
2022-12-16,10.2212
2022-12-19,10.2216
2022-12-20,10.2125
2022-12-21,10.2263
2022-12-22,10.2179
2022-12-23,10.2134
2022-12-26,10.2122
2022-12-27,10.2203
2022-12-28,10.2195
2022-12-29,10.2225
2022-12-30,10.218
2023-01-02,10.2187
2023-01-03,10.2313
2023-01-04,10.236
2023-01-05,10.2347
2023-01-06,10.2167
2023-01-09,10.2435
2023-01-10,10.2612
2023-01-11,10.2758
2023-01-12,10.2828
2023-01-13,10.2863
2023-01-16,10.2754
2023-01-17,10.274
2023-01-18,10.2796
2023-01-19,10.2971
2023-01-20,10.2736
2023-01-23,10.2771
2023-01-24,10.2774
2023-01-25,10.2754
2023-01-27,10.2514
2023-01-30,10.2443
2023-01-31,10.2672
2023-02-01,10.311
2023-02-02,10.3157
2023-02-03,10.3284
2023-02-06,10.3138
2023-02-07,10.3204
2023-02-08,10.3013
2023-02-09,10.294
2023-02-10,10.2832
2023-02-13,10.2836
2023-02-14,10.2846
2023-02-15,10.3029
2023-02-16,10.3101
2023-02-17,10.2891
2023-02-20,10.3074
2023-02-21,10.2954
2023-02-22,10.2754
2023-02-23,10.2972
2023-02-24,10.2854
2023-02-27,10.2747
2023-02-28,10.278
2023-03-01,10.2912
2023-03-02,10.2924
2023-03-03,10.3046
2023-03-06,10.307
2023-03-08,10.283
2023-03-09,10.2907
2023-03-10,10.2993
2023-03-13,10.344
2023-03-14,10.3482
2023-03-15,10.3556
2023-03-16,10.365
2023-03-17,10.3692
2023-03-20,10.3894
2023-03-21,10.3799
2023-03-23,10.3897
2023-03-24,10.4061
2023-03-27,10.4214
2023-03-28,10.4202
2023-03-29,10.437
2023-03-31,10.4282
2023-04-03,10.4337
2023-04-05,10.4677
2023-04-06,10.4999
2023-04-10,10.4967
2023-04-11,10.4906
2023-04-12,10.4987
2023-04-13,10.4922
2023-04-17,10.4939
2023-04-18,10.5092
2023-04-19,10.5112
2023-04-20,10.5194
2023-04-21,10.547
2023-04-24,10.5837
2023-04-25,10.5969
2023-04-26,10.5973
2023-04-27,10.6042
2023-04-28,10.6009
2023-05-02,10.611
2023-05-03,10.6721
2023-05-04,10.6799
2023-05-08,10.6729
2023-05-09,10.6751
2023-05-10,10.6804
2023-05-11,10.6877
2023-05-12,10.7124
2023-05-15,10.7169
2023-05-16,10.7366
2023-05-17,10.7435
2023-05-18,10.7387
2023-05-19,10.731
2023-05-22,10.7494
2023-05-23,10.7381
2023-05-24,10.7479
2023-05-25,10.7424
2023-05-26,10.7461
2023-05-29,10.7395
2023-05-30,10.7446
2023-05-31,10.7595
2023-06-01,10.7672
2023-06-02,10.7664
2023-06-05,10.7652
2023-06-06,10.7754
2023-06-07,10.7776
2023-06-08,10.7616
2023-06-09,10.7506
2023-06-12,10.7632
2023-06-13,10.7667
2023-06-14,10.7658
2023-06-15,10.758
2023-06-16,10.7531
2023-06-19,10.7537
2023-06-20,10.7509
2023-06-21,10.7487
2023-06-22,10.7337
2023-06-23,10.7374
2023-06-26,10.7452
2023-06-27,10.7481
2023-06-28,10.7537
2023-06-30,10.7287
2023-07-03,10.7335
2023-07-04,10.7309
2023-07-05,10.737
2023-07-06,10.7174
2023-07-07,10.7125
2023-07-10,10.7204
2023-07-11,10.7544
2023-07-12,10.7466
2023-07-13,10.7723
2023-07-14,10.7676
2023-07-17,10.7844
2023-07-18,10.8015
2023-07-19,10.7995
2023-07-20,10.7974
2023-07-21,10.7965
2023-07-24,10.8064
2023-07-25,10.7938
2023-07-26,10.799
2023-07-27,10.7911
2023-07-28,10.7642
2023-07-31,10.7613
2023-08-01,10.7763
2023-08-02,10.7744
2023-08-03,10.7553
2023-08-04,10.7542
2023-08-07,10.7659
2023-08-08,10.7794
2023-08-09,10.7831
2023-08-10,10.7938
2023-08-11,10.7743
2023-08-14,10.7757
2023-08-17,10.75
2023-08-18,10.7704
2023-08-21,10.778
2023-08-22,10.7841
2023-08-23,10.8047
2023-08-24,10.8127
2023-08-25,10.8073
2023-08-28,10.8286
2023-08-29,10.8357
2023-08-30,10.8322
2023-08-31,10.8409
2023-09-01,10.841
2023-09-04,10.834
2023-09-05,10.8333
2023-09-06,10.8285
2023-09-07,10.8491
2023-09-08,10.8413
2023-09-11,10.8243
2023-09-12,10.8268
2023-09-13,10.8468
2023-09-14,10.8864
2023-09-15,10.8571
2023-09-18,10.8652
2023-09-20,10.8728
2023-09-21,10.8795
2023-09-22,10.874
2023-09-25,10.8796
2023-09-26,10.8795
2023-09-27,10.8731
2023-09-28,10.8272
2023-10-03,10.8363
2023-10-04,10.8306
2023-10-05,10.8482
2023-10-06,10.7615
2023-10-09,10.7423
2023-10-10,10.7553
2023-10-11,10.7831
2023-10-12,10.7869
2023-10-13,10.7854
2023-10-16,10.7808
2023-10-17,10.7866
2023-10-18,10.7773
2023-10-19,10.7709
2023-10-20,10.7725
2023-10-23,10.7657
2023-10-25,10.7918
2023-10-26,10.7781
2023-10-27,10.7896
2023-10-30,10.7916
2023-10-31,10.798
2023-11-01,10.8006
2023-11-02,10.8213
2023-11-03,10.8319
2023-11-06,10.8475
2023-11-07,10.8589
2023-11-08,10.8709
2023-11-09,10.8782
2023-11-10,10.8572
2023-11-13,10.8703
2023-11-15,10.9132
2023-11-16,10.9155
2023-11-17,10.9249
2023-11-20,10.9094
2023-11-21,10.9014
2023-11-22,10.9095
2023-11-23,10.9115
2023-11-24,10.8944
2023-11-28,10.8956
2023-11-29,10.9068
2023-11-30,10.8928
2023-12-01,10.8802
2023-12-04,10.9003
2023-12-05,10.9103
2023-12-06,10.9256
2023-12-07,10.9352
2023-12-08,10.9235
2023-12-11,10.926
2023-12-12,10.9315
2023-12-13,10.9449
2023-12-14,10.9936
2023-12-15,11.021
2023-12-18,11.0336
2023-12-19,11.0347
2023-12-20,11.0387
2023-12-21,11.0267
2023-12-22,11.0203
2023-12-26,11.0284
2023-12-27,11.0231
2023-12-28,11.0193
2023-12-29,11.0418
2024-01-01,11.0219
2024-01-02,11.014
2024-01-03,11.0096
2024-01-04,11.0064
2024-01-05,10.9983
2024-01-08,11.0338
2024-01-09,11.0439
2024-01-10,11.0586
2024-01-11,11.0687
2024-01-12,11.0651
2024-01-15,11.104
2024-01-16,11.1076
2024-01-17,11.1001
2024-01-18,11.0871
2024-01-19,11.0935
2024-01-23,11.1116
2024-01-24,11.1169
2024-01-25,11.1297
2024-01-29,11.1545
2024-01-30,11.1614
2024-01-31,11.1757
2024-02-01,11.2593
2024-02-02,11.2847
2024-02-05,11.275
2024-02-06,11.2842
2024-02-07,11.3021
2024-02-08,11.3056
2024-02-09,11.286
2024-02-12,11.2963
2024-02-13,11.2902
2024-02-14,11.2813
2024-02-15,11.3206
2024-02-16,11.3133
2024-02-20,11.3367
2024-02-21,11.3464
2024-02-22,11.3439
2024-02-23,11.3375
2024-02-26,11.3496
2024-02-27,11.3422
2024-02-28,11.3471
2024-02-29,11.3464
2024-03-01,11.3668
2024-03-04,11.3767
2024-03-05,11.3832
2024-03-06,11.3861
2024-03-07,11.4006
2024-03-11,11.4206
2024-03-12,11.4126
2024-03-13,11.4037
2024-03-14,11.4031
2024-03-15,11.3972
2024-03-18,11.3756
2024-03-19,11.3689
2024-03-20,11.3721
2024-03-21,11.4004
2024-03-22,11.3807
2024-03-26,11.3799
2024-03-27,11.4003
2024-03-28,11.4404
2024-03-31,11.4451
2024-04-02,11.403
2024-04-03,11.4021
2024-04-04,11.4094
2024-04-05,11.3991
2024-04-08,11.3767
2024-04-10,11.403
2024-04-12,11.3591
2024-04-15,11.3743
2024-04-16,11.359
2024-04-18,11.3689
2024-04-19,11.343
2024-04-22,11.3632
2024-04-23,11.3818
2024-04-24,11.3734
2024-04-25,11.3672
2024-04-26,11.3667
2024-04-29,11.3785
2024-04-30,11.3756
2024-05-02,11.3969
2024-05-03,11.4154
2024-05-06,11.4546
2024-05-07,11.4447
2024-05-08,11.4412
2024-05-09,11.4506
2024-05-10,11.4633
2024-05-13,11.475
2024-05-14,11.4874
2024-05-15,11.5057
2024-05-16,11.5186
2024-05-17,11.5089
2024-05-21,11.5272
2024-05-22,11.5585
2024-05-24,11.5722
2024-05-27,11.5866
2024-05-28,11.5829
2024-05-29,11.5712
2024-05-30,11.5729
2024-05-31,11.5721
2024-06-03,11.618
2024-06-04,11.5438
2024-06-05,11.5591
2024-06-06,11.5808
2024-06-07,11.5855
2024-06-10,11.587
2024-06-11,11.6029
2024-06-12,11.6064
2024-06-13,11.6269
2024-06-14,11.6385
2024-06-18,11.6517
2024-06-19,11.6715
2024-06-20,11.6761
2024-06-21,11.6899
2024-06-24,11.699
2024-06-25,11.689
2024-06-26,11.6846
2024-06-27,11.687
2024-06-28,11.6779
2024-07-01,11.6809
2024-07-02,11.6887
2024-07-03,11.6987
2024-07-04,11.6971
2024-07-05,11.6927
2024-07-08,11.7053
2024-07-09,11.7103
2024-07-10,11.7189
2024-07-11,11.7163
2024-07-12,11.7146
2024-07-15,11.726
2024-07-16,11.7411
2024-07-18,11.7467
2024-07-19,11.7531
2024-07-22,11.7628
2024-07-23,11.7605
2024-07-24,11.7669
2024-07-25,11.7781
2024-07-26,11.7852
2024-07-29,11.7961
2024-07-30,11.7751
2024-07-31,11.7805
2024-08-01,11.7854
2024-08-02,11.798
2024-08-05,11.839
2024-08-06,11.8382
2024-08-07,11.849
2024-08-08,11.8408
2024-08-09,11.836
2024-08-12,11.8442
2024-08-13,11.8451
2024-08-14,11.8673
2024-08-16,11.87
2024-08-19,11.8918
2024-08-20,11.91
2024-08-21,11.9149
2024-08-22,11.917
2024-08-23,11.9144
2024-08-26,11.9212
2024-08-27,11.9138
2024-08-28,11.9143
2024-08-29,11.9142
2024-08-30,11.9143
2024-09-02,11.9141
2024-09-03,11.924
2024-09-04,11.939
2024-09-05,11.9433
2024-09-06,11.9418
2024-09-09,11.9506
2024-09-10,11.9575
2024-09-11,11.9796
2024-09-12,11.9944
2024-09-13,12.0103
2024-09-16,12.042
2024-09-17,12.0352
2024-09-19,12.057
2024-09-20,12.0572
2024-09-23,12.0681
2024-09-24,12.08
2024-09-25,12.1054
2024-09-26,12.1291
2024-09-27,12.0941
2024-09-30,12.1104
2024-10-01,12.1341
2024-10-03,12.1035
2024-10-04,12.05
2024-10-07,12.0472
2024-10-08,12.0749
2024-10-09,12.1061
2024-10-10,12.1019
2024-10-11,12.0949
2024-10-14,12.1118
2024-10-15,12.1212
2024-10-16,12.1223
2024-10-17,12.1104
2024-10-18,12.0916
2024-10-21,12.0895
2024-10-22,12.0943
2024-10-23,12.1034
2024-10-24,12.1009
2024-10-25,12.0853
2024-10-28,12.0714
2024-10-29,12.0875
2024-10-30,12.1051
2024-10-31,12.0913
2024-11-04,12.1092
2024-11-05,12.1102
2024-11-06,12.107
2024-11-07,12.1062
2024-11-08,12.1189
2024-11-11,12.1304
2024-11-12,12.123
2024-11-13,12.1108
2024-11-14,12.079
2024-11-18,12.0961
2024-11-19,12.1018
2024-11-21,12.0854
2024-11-22,12.0813
2024-11-25,12.1034
2024-11-26,12.0978
2024-11-27,12.1084
2024-11-28,12.1051
2024-11-29,12.1384
2024-12-02,12.1836
2024-12-03,12.1844
2024-12-04,12.2134
2024-12-05,12.2184
2024-12-06,12.1765
2024-12-09,12.2069
2024-12-10,12.2142
2024-12-11,12.2059
2024-12-12,12.2036
2024-12-13,12.2236
2024-12-16,12.2234
2024-12-17,12.2099
2024-12-18,12.2182
2024-12-19,12.1792
2024-12-20,12.169
2024-12-23,12.1792
2024-12-24,12.175
2024-12-26,12.1672
2024-12-27,12.1724
2024-12-30,12.1871
2024-12-31,12.2057
2025-01-01,12.1862
2025-01-02,12.1891
2025-01-03,12.1939
2025-01-06,12.2063
2025-01-07,12.2315
2025-01-08,12.2232
2025-01-09,12.2183
2025-01-10,12.2138
2025-01-13,12.1455
2025-01-14,12.1453
2025-01-15,12.1598
2025-01-16,12.2027
2025-01-17,12.1891
2025-01-20,12.2132
2025-01-21,12.2508
2025-01-22,12.2768
2025-01-23,12.272
2025-01-24,12.2897
2025-01-27,12.3232
2025-01-28,12.3145
2025-01-29,12.2987
2025-01-30,12.3013
2025-01-31,12.2846
2025-02-03,12.2849
2025-02-04,12.2828
2025-02-05,12.3051
2025-02-06,12.3308
2025-02-07,12.292
2025-02-10,12.292
2025-02-11,12.2922
2025-02-12,12.3047
2025-02-13,12.2821
2025-02-14,12.2874
2025-02-17,12.2962
2025-02-18,12.3002
2025-02-20,12.2876
2025-02-21,12.2703
2025-02-24,12.2774
2025-02-25,12.2688
2025-02-27,12.2508
2025-02-28,12.2378
2025-03-03,12.2343
2025-03-04,12.225
2025-03-05,12.2547
2025-03-06,12.2879
2025-03-07,12.2991
2025-03-10,12.3103
2025-03-11,12.3296
2025-03-12,12.3516
2025-03-13,12.364
2025-03-17,12.391
2025-03-18,12.4088
2025-03-19,12.449
2025-03-20,12.4754
2025-03-21,12.4728
2025-03-24,12.4768
2025-03-25,12.4794
2025-03-26,12.5127
2025-03-27,12.53
2025-03-28,12.5685
2025-03-31,12.5732
2025-04-02,12.6715
2025-04-03,12.6634
2025-04-04,12.6863
2025-04-06,12.9011
2025-04-07,12.6738
2025-04-08,12.6705
2025-04-09,12.6859
2025-04-11,12.7004
2025-04-15,12.7314
2025-04-16,12.7405
2025-04-17,12.7465
2025-04-19,12.7512
2025-04-21,12.813
2025-04-22,12.8647
2025-04-23,12.8786
2025-04-24,12.8778
2025-04-25,12.8422
2025-04-28,12.8209
2025-04-29,12.8705
2025-04-30,12.8608
2025-05-02,12.8666
2025-05-05,12.8917
2025-05-06,12.8621
2025-05-07,12.869
2025-05-08,12.7967
2025-05-09,12.7789
2025-05-13,12.8464
2025-05-14,12.8861
2025-05-15,12.8936
2025-05-16,12.9199
2025-05-19,12.9068
2025-05-20,12.921
2025-05-21,12.9327
2025-05-22,12.9092
2025-05-23,12.926
2025-05-26,12.9319
2025-05-27,12.9371
2025-05-28,12.9449
2025-05-29,12.9318
2025-05-30,12.9063
2025-06-02,12.9132
2025-06-03,12.9052
2025-06-04,12.9011
2025-06-05,12.9047
2025-06-06,12.8225
2025-06-09,12.7629
2025-06-10,12.7293
2025-06-11,12.709
2025-06-12,12.698
2025-06-13,12.6767
2025-06-16,12.7112
2025-06-17,12.71
2025-06-18,12.6926
2025-06-19,12.6538
2025-06-20,12.6748
2025-06-23,12.6863
2025-06-24,12.7176
2025-06-25,12.6811
2025-06-26,12.6802
2025-06-27,12.6642
2025-06-30,12.6824
2025-07-01,12.7077
2025-07-02,12.733
2025-07-03,12.7198
2025-07-04,12.7204
2025-07-07,12.7276
2025-07-08,12.72
2025-07-09,12.7153
2025-07-10,12.7064
2025-07-11,12.76
2025-07-14,12.784
2025-07-15,12.776
2025-07-16,12.7724
2025-07-17,12.7842
2025-07-18,12.8201
2025-07-21,12.8342
2025-07-22,12.8432
2025-07-23,12.8344
2025-07-24,12.8231
2025-07-25,12.7792
2025-07-28,12.7577
2025-07-29,12.7325
2025-07-30,12.7335
2025-07-31,12.7412
2025-08-01,12.7515
2025-08-04,12.7877
2025-08-05,12.7604
2025-08-06,12.6852
2025-08-07,12.6858
2025-08-08,12.6627
2025-08-11,12.6134
2025-08-12,12.5578
2025-08-14,12.6203
2025-08-18,12.5445
2025-08-19,12.5267
2025-08-20,12.5441
2025-08-21,12.5236
2025-08-22,12.5184
2025-08-25,12.4638
2025-08-26,12.4176
2025-08-28,12.4833
2025-08-29,12.4322
2025-09-01,12.4246
2025-09-02,12.4265
2025-09-03,12.4783
2025-09-04,12.5409
2025-09-05,12.6044
2025-09-09,12.5832
2025-09-10,12.5685
2025-09-11,12.5579
2025-09-12,12.5792
2025-09-15,12.579
2025-09-16,12.5914
2025-09-17,12.6273
2025-09-18,12.608
2025-09-19,12.6261
2025-09-22,12.6217
2025-09-23,12.625
2025-09-24,12.625
2025-09-25,12.6394
2025-09-26,12.6406
2025-09-29,12.6566
2025-09-30,12.6338
2025-10-01,12.6891
2025-10-03,12.7089
2025-10-06,12.7423
2025-10-07,12.7456
2025-10-08,12.7614
2025-10-09,12.7531
2025-10-10,12.7767
2025-10-13,12.8126
2025-10-14,12.8057
2025-10-15,12.8227
2025-10-16,12.8127
2025-10-17,12.7889
2025-10-20,12.7789
2025-10-23,12.7555
2025-10-24,12.7382
2025-10-27,12.7271
2025-10-28,12.7251
2025-10-29,12.7274
2025-10-30,12.6775
2025-10-31,12.6914
2025-11-03,12.6737
2025-11-04,12.6825
2025-11-06,12.6928
2025-11-07,12.6913
2025-11-10,12.7029
2025-11-11,12.7034
2025-11-12,12.7086
2025-11-13,12.6891
2025-11-14,12.6506
2025-11-17,12.6475
2025-11-18,12.6651
2025-11-19,12.681
2025-11-20,12.6908
2025-11-21,12.6739
2025-11-24,12.7049
2025-11-25,12.7248
2025-11-26,12.7254
2025-11-27,12.7174
2025-11-28,12.6687
2025-12-01,12.6466
2025-12-02,12.652
2025-12-03,12.6375
2025-12-04,12.6427
2025-12-05,12.6893
2025-12-08,12.6768
2025-12-09,12.6028
2025-12-10,12.5863
2025-12-11,12.6096
2025-12-12,12.6334
2025-12-15,12.6693
2025-12-16,12.6787
2025-12-17,12.6714
2025-12-18,12.6814
2025-12-19,12.699
2025-12-22,12.6497
2025-12-23,12.6559
2025-12-24,12.7173
2025-12-26,12.7114
2025-12-29,12.728
2025-12-30,12.7199
2025-12-31,12.7331
2026-01-01,12.7403
2026-01-02,12.7459
2026-01-05,12.707
2026-01-06,12.6964
2026-01-07,12.7031
2026-01-08,12.6799
2026-01-09,12.6741
2026-01-12,12.6893
2026-01-13,12.6762
2026-01-14,12.6657
2026-01-16,12.6502
2026-01-17,12.6525
2026-01-19,12.6492
2026-01-20,12.656
2026-01-21,12.6643
2026-01-22,12.6876
2026-01-23,12.6817
2026-01-27,12.6647
2026-01-28,12.6937
2026-01-29,12.7112
2026-01-30,12.7233
2026-02-02,12.6415
2026-02-03,12.6687
2026-02-04,12.6911
2026-02-05,12.7365
2026-02-06,12.6522
2026-02-09,12.6261
2026-02-10,12.6302
2026-02-11,12.6667
2026-02-12,12.6853
2026-02-13,12.6915
2026-02-16,12.7264
2026-02-17,12.742
2026-02-18,12.7347
2026-02-20,12.7137
2026-02-23,12.742
2026-02-24,12.7652
2026-02-25,12.7883
2026-02-26,12.7892
2026-02-27,12.8116
2026-03-02,12.8092
2026-03-04,12.7845
2026-03-05,12.7905
2026-03-06,12.7637
2026-03-09,12.7219
2026-03-10,12.7975
2026-03-11,12.8086
2026-03-12,12.772
2026-03-13,12.7599
2026-03-16,12.7376
2026-03-17,12.7334
2026-03-18,12.7396
2026-03-20,12.7098
2026-03-23,12.6162
2026-03-24,12.5982
2026-03-25,12.5973
2026-03-27,12.5283
2026-03-30,12.4905
2026-03-31,12.493
2026-04-01,12.493
2026-04-02,12.4119
2026-04-06,12.4951
2026-04-07,12.5143
2026-04-08,12.6551
2026-04-09,12.623
2026-04-10,12.6733
2026-04-13,12.6545
2026-04-15,12.7062
2026-04-16,12.7139
2026-04-17,12.7174
2026-04-20,12.7284
2026-04-21,12.7378
2026-04-22,12.7233
2026-04-23,12.6939
2026-04-24,12.6783
2026-04-27,12.6998
2026-04-28,12.6614
2026-04-29,12.6529
2026-04-30,12.6443
2026-05-02,12.649
2026-05-04,12.6766
2026-05-05,12.6551
2026-05-06,12.7382
2026-05-07,12.7467
2026-05-08,12.7204
2026-05-11,12.6677
2026-05-12,12.6378
2026-05-13,12.6455
2026-05-14,12.6672
2026-05-15,12.6333
2026-05-18,12.5638
2026-05-19,12.5946
2026-05-20,12.6156
2026-05-21,12.6029
2026-05-22,12.6156
2026-05-25,12.6681
2026-05-26,12.6723
2026-05-27,12.6773
2026-05-29,12.6876
2026-06-01,12.6738
2026-06-02,12.6865
2026-06-03,12.6815
2026-06-04,12.6883
2026-06-05,12.7444
2026-06-08,12.761
2026-06-09,12.8196
2026-06-10,12.7994
2026-06-11,12.8009
2026-06-12,12.8212
2026-06-15,12.8482
2026-06-16,12.8552
2026-06-17,12.8658
2026-06-18,12.893
2026-06-19,12.8911
2026-06-22,12.9071
2026-06-23,12.9318
2026-06-24,12.9734
2026-06-25,13.0095
2026-06-29,13.0429
2026-06-30,13.0628
2026-07-01,13.0532
2026-07-02,13.088
2026-07-03,13.0854
2026-07-06,13.1012
2026-07-07,13.0997
2026-07-08,13.0541
2026-07-09,13.0658
2026-07-10,13.0937
2026-07-11,13.0961
2026-07-13,13.0827
2026-07-14,13.0256
2026-07-15,13.0413
2026-07-16,13.064
2026-07-17,13.045
2026-07-20,13.0385
2026-07-21,13.0322
2026-07-22,13.0206
2026-07-23,12.9958
2026-07-24,13.0093
2026-07-25,13.0116
2026-07-27,13.0684
2026-07-28,13.0594
2026-07-29,13.037
2026-07-30,13.0317
2026-07-31,13.0285
2026-08-01,13.0309
2026-08-03,13.0304
2026-08-04,13.0383
2026-08-05,13.065
2026-08-06,13.0764
2026-08-07,13.1019
2026-08-10,13.1216
2026-08-11,13.1108
2026-08-12,13.1343
2026-08-13,13.1623
2026-08-14,13.1713
2026-08-17,13.1416
2026-08-18,13.1054
2026-08-19,13.1083
2026-08-20,13.0658
2026-08-21,13.0588
2026-08-24,13.0538
2026-08-25,13.0649
2026-08-27,13.0498
2026-08-28,13.0304
2026-08-29,13.0328
2026-08-31,12.9825
2026-09-01,12.9929
2026-09-02,12.9681
2026-09-03,12.981
2026-09-04,12.9811
2026-09-07,12.9902
2026-09-08,12.9941
2026-09-09,12.9925
2026-09-10,12.9772
2026-09-11,12.9489
2026-09-15,12.8876
2026-09-16,12.9158
2026-09-17,12.934
2026-09-18,12.9378
2026-09-21,12.9604
2026-09-22,12.9862
2026-09-23,12.9793
2026-09-24,12.9297
2026-09-25,12.9225
2026-09-28,12.8544
2026-09-29,12.8814
2026-09-30,12.8805
2026-10-01,12.8627
2026-10-05,12.8667
