"date","divis_price","laurus_price","pharma_index","divis_reb","laurus_reb","cdmo_basket","pharma_reb","relative"
"2016-12","700.099975585938","94.9499969482422","10236.349609375","100","100","100","100","100"
"2017-01","758.849975585938","101.98999786377","10585.150390625","108.39","107.41","107.9","103.41","104.35"
"2017-02","623.849975585938","103.23999786377","10411.150390625","89.11","108.73","98.92","101.71","97.26"
"2017-03","628.400024414063","103.980003356934","10120.900390625","89.76","109.51","99.63","98.87","100.77"
"2017-04","582.150024414063","114.5","9025.25","83.15","120.59","101.87","88.17","115.54"
"2017-05","647.25","123.029998779297","9606.400390625","92.45","129.57","111.01","93.85","118.29"
"2017-06","672.900024414063","116.139999389648","9476.400390625","96.11","122.32","109.22","92.58","117.97"
"2017-07","696.400024414063","105.470001220703","8859.650390625","99.47","111.08","105.28","86.55","121.63"
"2017-08","855.75","101.430000305176","9172.599609375","122.23","106.82","114.53","89.61","127.81"
"2017-09","882.5","107.680000305176","9756","126.05","113.41","119.73","95.31","125.63"
"2017-10","1041","105.080001831055","9238.75","148.69","110.67","129.68","90.25","143.68"
"2017-11","1098.34997558594","108.580001831055","9620.099609375","156.88","114.35","135.62","93.98","144.31"
"2017-12","1039.40002441406","103.319999694824","9384.75","148.46","108.82","128.64","91.68","140.31"
"2018-01","1025.90002441406","108.709999084473","8960.25","146.54","114.49","130.51","87.53","149.1"
"2018-02","1090.19995117188","100.569999694824","8358.0498046875","155.72","105.92","130.82","81.65","160.22"
"2018-03","1197.5","102.26000213623","9060.7001953125","171.05","107.7","139.37","88.51","157.46"
"2018-04","1047.44995117188","94.3899993896484","8220.25","149.61","99.41","124.51","80.3","155.05"
"2018-05","1038.59997558594","92.379997253418","9173.150390625","148.35","97.29","122.82","89.61","137.06"
"2018-06","1149.44995117188","90.9400024414062","9179.400390625","164.18","95.78","129.98","89.67","144.95"
"2018-07","1305.90002441406","87.6900024414063","10390.9501953125","186.53","92.35","139.44","101.51","137.37"
"2018-08","1310.90002441406","86.5400009155273","9972.4501953125","187.24","91.14","139.19","97.42","142.88"
"2018-09","1484.5","68.1699981689453","9757.5","212.04","71.8","141.92","95.32","148.88"
"2018-10","1439.34997558594","76.8000030517578","9275.7001953125","205.59","80.88","143.24","90.62","158.07"
"2018-11","1482.65002441406","75.9100036621094","8868.7001953125","211.78","79.95","145.86","86.64","168.36"
"2018-12","1506.19995117188","74.0599975585938","8825.349609375","215.14","78","146.57","86.22","170"
"2019-01","1654.25","66.6900024414063","8884.849609375","236.29","70.24","153.26","86.8","176.58"
"2019-02","1703.09997558594","79.9100036621094","9346.5498046875","243.27","84.16","163.71","91.31","179.3"
"2019-03","1746.84997558594","76.4599990844727","9402.5","249.51","80.53","165.02","91.85","179.66"
"2019-04","1592.30004882813","72.1100006103516","8455.099609375","227.44","75.95","151.69","82.6","183.65"
"2019-05","1596.94995117188","67.3399963378906","8065.14990234375","228.1","70.92","149.51","78.79","189.76"
"2019-06","1633.75","67.1800003051758","7987.5","233.36","70.75","152.06","78.03","194.87"
"2019-07","1625.40002441406","65.75","8072.0498046875","232.17","69.25","150.71","78.86","191.11"
"2019-08","1665.5","74.870002746582","7547.75","237.89","78.85","158.37","73.73","214.79"
"2019-09","1755.05004882813","73.9599990844727","7878.14990234375","250.69","77.89","164.29","76.96","213.47"
"2019-10","1786.19995117188","70.0500030517578","8189.9501953125","255.13","73.78","164.46","80.01","205.55"
"2019-11","1845.80004882813","71.9499969482422","8040.14990234375","263.65","75.78","169.71","78.55","216.07"
"2019-12","1952.30004882813","86.0699996948242","8138.60009765625","278.86","90.65","184.75","79.51","232.37"
"2020-01","2106.94995117188","82.7099990844727","7576.75","300.95","87.11","194.03","74.02","262.14"
"2020-02","1989.05004882813","64.9599990844727","7176.5","284.11","68.41","176.26","70.11","251.42"
"2020-03","2332.89990234375","102.5","9327.099609375","333.22","107.95","220.59","91.12","242.09"
"2020-04","2390.10009765625","93.6900024414062","9768.599609375","341.39","98.67","220.03","95.43","230.57"
"2020-05","2278.89990234375","103.889999389648","9985.150390625","325.51","109.42","217.46","97.55","222.93"
"2020-06","2616.55004882813","186.649993896484","11148.900390625","373.74","196.58","285.16","108.91","261.82"
"2020-07","3122.80004882813","226.660003662109","11079.7998046875","446.05","238.72","342.38","108.24","316.32"
"2020-08","3047.94995117188","287.149993896484","11772.849609375","435.36","302.42","368.89","115.01","320.75"
"2020-09","3142.05004882813","319.399993896484","11243.75","448.8","336.39","392.59","109.84","357.42"
"2020-10","3605.10009765625","316.850006103516","11839.150390625","514.94","333.7","424.32","115.66","366.88"
"2020-11","3841.89990234375","353.149993896484","12915.900390625","548.76","371.93","460.35","126.18","364.84"
"2020-12","3369.85009765625","345.350006103516","12170.25","481.34","363.72","422.53","118.89","355.39"
"2021-01","3363.10009765625","350.149993896484","11927.900390625","480.37","368.77","424.57","116.52","364.36"
"2021-02","3622.80004882813","362","12272.599609375","517.47","381.25","449.36","119.89","374.8"
"2021-03","4062.35009765625","452.75","13469.25","580.25","476.83","528.54","131.58","401.68"
"2021-04","4194","523.75","14051.75","599.06","551.61","575.33","137.27","419.11"
"2021-05","4408.25","688.650024414063","14308.900390625","629.66","725.28","677.47","139.79","484.65"
"2021-06","4906.10009765625","641.5","14425.2998046875","700.77","675.62","688.2","140.92","488.35"
"2021-07","5173.60009765625","666.599975585938","14344.75","738.98","702.05","720.52","140.14","514.16"
"2021-08","4798.7001953125","616.450012207031","14466.5","685.43","649.24","667.33","141.32","472.2"
"2021-09","5150.14990234375","515.799987792969","13879.349609375","735.63","543.23","639.43","135.59","471.6"
"2021-10","4878.7998046875","508.649993896484","13662.7998046875","696.87","535.7","616.29","133.47","461.73"
"2021-11","4678.2001953125","538.900024414063","14223","668.22","567.56","617.89","138.95","444.7"
"2021-12","4036.10009765625","502.700012207031","13179.900390625","576.5","529.44","552.97","128.76","429.47"
"2022-01","4265","541.549987792969","12927.599609375","609.2","570.35","589.78","126.29","467"
"2022-02","4402.0498046875","590.099975585938","13584.099609375","628.77","621.48","625.13","132.7","471.07"
"2022-03","4505.39990234375","583.349975585938","13462.849609375","643.54","614.38","628.96","131.52","478.22"
"2022-04","3591.30004882813","567.450012207031","12604.4501953125","512.97","597.63","555.3","123.13","450.97"
"2022-05","3630.39990234375","464.700012207031","12159.349609375","518.55","489.42","503.99","118.79","424.28"
"2022-06","3831.64990234375","522.700012207031","12776.5498046875","547.3","550.5","548.9","124.82","439.77"
"2022-07","3626.85009765625","579.049987792969","12699.400390625","518.05","609.85","563.95","124.06","454.57"
"2022-08","3705.19995117188","513","12971.900390625","529.24","540.28","534.76","126.72","421.99"
"2022-09","3608.89990234375","454.549987792969","13212.25","515.48","478.73","497.1","129.07","385.14"
"2022-10","3404.69995117188","417.450012207031","13144.2001953125","486.32","439.65","462.98","128.41","360.56"
"2022-11","3413.19995117188","375.25","12597.599609375","487.53","395.21","441.37","123.07","358.64"
"2022-12","3315.30004882813","330.299987792969","12360.25","473.55","347.87","410.71","120.75","340.13"
"2023-01","2825.60009765625","314.350006103516","11747.099609375","403.6","331.07","367.33","114.76","320.09"
"2023-02","2823.35009765625","292.950012207031","12017.0498046875","403.28","308.53","355.9","117.4","303.17"
"2023-03","3267.89990234375","307.600006103516","12613.9501953125","466.78","323.96","395.37","123.23","320.85"
"2023-04","3443.60009765625","330.700012207031","12678.400390625","491.87","348.29","420.08","123.86","339.17"
"2023-05","3583.60009765625","366.649993896484","13767.5","511.87","386.15","449.01","134.5","333.85"
"2023-06","3684.30004882813","352","14992.150390625","526.25","370.72","448.49","146.46","306.22"
"2023-07","3592.10009765625","399.600006103516","15095.900390625","513.08","420.85","466.97","147.47","316.65"
"2023-08","3765.14990234375","395.399993896484","15422.75","537.8","416.43","477.12","150.67","316.67"
"2023-09","3388.35009765625","361.75","14683.650390625","483.98","380.99","432.49","143.45","301.5"
"2023-10","3788.69995117188","380.850006103516","16238.900390625","541.17","401.11","471.14","158.64","296.99"
"2023-11","3903.89990234375","430.200012207031","16831.80078125","557.62","453.08","505.35","164.43","307.33"
"2023-12","3670.60009765625","381.350006103516","17938.650390625","524.3","401.63","462.96","175.24","264.18"
"2024-01","3488.80004882813","406.049987792969","19003.150390625","498.33","427.65","462.99","185.64","249.4"
"2024-02","3445.30004882813","392.350006103516","18996.150390625","492.12","413.22","452.67","185.58","243.93"
"2024-03","4002.39990234375","450","18970.599609375","571.69","473.93","522.81","185.33","282.1"
"2024-04","4307.2001953125","418.950012207031","18796.30078125","615.23","441.23","528.23","183.62","287.67"
"2024-05","4596.4501953125","424.549987792969","19731.55078125","656.54","447.13","551.84","192.76","286.28"
"2024-06","4923.2001953125","463.899993896484","21777.150390625","703.21","488.57","595.89","212.74","280.1"
"2024-07","5093.89990234375","470.149993896484","23217.599609375","727.6","495.16","611.38","226.82","269.55"
"2024-08","5443.35009765625","463.600006103516","23281.19921875","777.51","488.26","632.88","227.44","278.27"
"2024-09","5889.64990234375","491.25","22735.55078125","841.26","517.38","679.32","222.11","305.85"
"2024-10","6172.7001953125","567.150024414063","22240.19921875","881.69","597.31","739.5","217.27","340.37"
"2024-11","6098.7998046875","602.700012207031","23412.25","871.13","634.76","752.94","228.72","329.2"
"2024-12","5577.7001953125","584.049987792969","21438.599609375","796.7","615.11","705.91","209.44","337.05"
"2025-01","5480.25","527.200012207031","19813.5","782.78","555.24","669.01","193.56","345.63"
"2025-02","5775.4501953125","613.400024414063","21137.44921875","824.95","646.02","735.49","206.49","356.18"
"2025-03","6087","603.849975585938","21772.44921875","869.45","635.97","752.71","212.7","353.89"
"2025-04","6612","609.599975585938","21442.05078125","944.44","642.02","793.23","209.47","378.68"
"2025-05","6809.5","724.849975585938","22038.69921875","972.65","763.4","868.02","215.3","403.17"
"2025-06","6595.5","874.349975585938","22771.05078125","942.08","920.85","931.47","222.45","418.73"
"2025-07","6131.5","856.900024414063","21804.05078125","875.8","902.48","889.14","213.01","417.42"
"2025-08","5689.5","841.799987792969","21454.25","812.67","886.57","849.62","209.59","405.37"
"2025-09","6738","953.650024414062","22175.400390625","962.43","1004.37","983.4","216.63","453.95"
"2025-10","6477","1031.34997558594","22998.30078125","925.15","1086.2","1005.68","224.67","447.62"
"2025-11","6392.5","1108","22723.650390625","913.08","1166.93","1040.01","221.99","468.49"
"2025-12","6051","965","21715.099609375","864.31","1016.32","940.31","212.14","443.26"
"2026-01","6408.5","1075.80004882813","22952.349609375","915.37","1133.02","1024.19","224.22","456.77"
"2026-02","5947","992.700012207031","22232.25","849.45","1045.5","947.47","217.19","436.24"
"2026-03","6502.5","1100.94995117188","23267.69921875","928.8","1159.5","1044.15","227.3","459.36"
"2026-04","6667","1362","24345.80078125","952.29","1434.44","1193.37","237.84","501.76"
"2026-05","6579","1517.40002441406","25326.400390625","939.72","1598.1","1268.91","247.42","512.87"
"2026-06","8056","1816.19995117188","26534.80078125","1150.69","1912.8","1531.74","259.22","590.9"
"2026-07","9467","1915","27186.44921875","1352.24","2016.85","1684.54","265.59","634.27"
"2026-08","9575","1946.90002441406","26880.80078125","1367.66","2050.45","1709.05","262.6","650.82"
"2026-09","9462.5","1940","26731.05078125","1351.59","2043.18","1697.39","261.14","649.99"
